Workbook

Sheet Growth Analysis
A1: Territory | B1: Jan - Mar (Q1) | J1: April - Jun (Q2)
B2: DN | E2: Collection | J2: Target
B3: 55197.687 | C3: 36479.581 | D3: =IFERROR((C3-B3)/B3,100%) -> -0.33911033 | E3: 1.6087766e+09 | F3: 1.7847808e+09 | G3: =IFERROR((F3-E3)/E3,100%) -> 0.10940249 | H3: Total | J3: 38000 | K3: 24600 | L3: 27000 | M3: =SUM(J3:L3) -> 89600
B4: 2025 | C4: 2026 | D4: Growth | E4: 2025 | F4: 2026 | G4: Growth | H4: Contribution 2026 | I4: Contribution 2025 | J4: Apr | K4: May | L4: Jun | M4: total
A5: Debiganj | B5: 0 | C5: 218.61453 | D5: =IFERROR((C5-B5)/B5,100%) -> 1 | E5: 0 | F5: 10882606 | G5: =IFERROR((F5-E5)/E5,100%) -> 1 | H5: =F5/$F$3 -> 0.0060974467 | I5: =E5/$E$3 -> 0 | J5: =$J$3*H5 -> 231.70297 | K5: =$K$3*H5 -> 149.99719 | L5: =$L$3*H5 -> 164.63106 | M5: =SUM(J5:L5) -> 546.33122
A6: Boda | B6: 863.54776 | C6: 161.43507 | D6: =IFERROR((C6-B6)/B6,100%) -> -0.813056 | E6: 29967600 | F6: 6965953.7 | G6: =IFERROR((F6-E6)/E6,100%) -> -0.7675505 | H6: =F6/$F$3 -> 0.0039029744 | I6: =E6/$E$3 -> 0.018627571 | J6: =$J$3*H6 -> 148.31303 | K6: =$K$3*H6 -> 96.01317 | L6: =$L$3*H6 -> 105.38031 | M6: =SUM(J6:L6) -> 349.7065
A7: Tetulia | B7: 0 | C7: 86.578039 | D7: =IFERROR((C7-B7)/B7,100%) -> 1 | E7: 0 | F7: 4737540.8 | G7: =IFERROR((F7-E7)/E7,100%) -> 1 | H7: =F7/$F$3 -> 0.0026544104 | I7: =E7/$E$3 -> 0 | J7: =$J$3*H7 -> 100.8676 | K7: =$K$3*H7 -> 65.298497 | L7: =$L$3*H7 -> 71.669082 | M7: =SUM(J7:L7) -> 237.83518
A8: Panchagarh Sadar | B8: 382.58925 | C8: 166.62421 | D8: =IFERROR((C8-B8)/B8,100%) -> -0.56448277 | E8: 6759276.8 | F8: 8571373 | G8: =IFERROR((F8-E8)/E8,100%) -> 0.26809025 | H8: =F8/$F$3 -> 0.0048024794 | I8: =E8/$E$3 -> 0.0042015012 | J8: =$J$3*H8 -> 182.49422 | K8: =$K$3*H8 -> 118.14099 | L8: =$L$3*H8 -> 129.66694 | M8: =SUM(J8:L8) -> 430.30216
A9: Atwari | B9: 375.10041 | C9: 111.141 | D9: =IFERROR((C9-B9)/B9,100%) -> -0.70370333 | E9: 15849772 | F9: 8071774.4 | G9: =IFERROR((F9-E9)/E9,100%) -> -0.49073246 | H9: =F9/$F$3 -> 0.0045225579 | I9: =E9/$E$3 -> 0.009852065 | J9: =$J$3*H9 -> 171.8572 | K9: =$K$3*H9 -> 111.25492 | L9: =$L$3*H9 -> 122.10906 | M9: =SUM(J9:L9) -> 405.22118
A10: Baliadangi | B10: 0 | C10: 86.868626 | D10: =IFERROR((C10-B10)/B10,100%) -> 1 | E10: 405501 | F10: 5615183.4 | G10: =IFERROR((F10-E10)/E10,100%) -> 12.84752 | H10: =F10/$F$3 -> 0.0031461474 | I10: =E10/$E$3 -> 0.0002520555 | J10: =$J$3*H10 -> 119.5536 | K10: =$K$3*H10 -> 77.395225 | L10: =$L$3*H10 -> 84.945979 | M10: =SUM(J10:L10) -> 281.8948
A11: Ruhia | B11: 0 | C11: 93.15537 | D11: =IFERROR((C11-B11)/B11,100%) -> 1 | E11: 0 | F11: 7678287.9 | G11: =IFERROR((F11-E11)/E11,100%) -> 1 | H11: =F11/$F$3 -> 0.0043020902 | I11: =E11/$E$3 -> 0 | J11: =$J$3*H11 -> 163.47943 | K11: =$K$3*H11 -> 105.83142 | L11: =$L$3*H11 -> 116.15643 | M11: =SUM(J11:L11) -> 385.46728
A12: Panchagarh Area | B12: 1621.2374 | C12: 924.41685 | D12: =IFERROR((C12-B12)/B12,100%) -> -0.42980785 | E12: 52982150 | F12: 52522719 | G12: =IFERROR((F12-E12)/E12,100%) -> -0.0086714267 | H12: =F12/$F$3 -> 0.029428106 | I12: =E12/$E$3 -> 0.032933192 | J12: =$J$3*H12 -> 1118.268 | K12: =$K$3*H12 -> 723.93142 | L12: =$L$3*H12 -> 794.55887 | M12: =SUM(J12:L12) -> 2636.7583
A13: Pirganj_Thakurgaon | B13: 0 | C13: 77.639814 | D13: =IFERROR((C13-B13)/B13,100%) -> 1 | E13: 812738.04 | F13: 6165818.3 | G13: =IFERROR((F13-E13)/E13,100%) -> 6.5864769 | H13: =F13/$F$3 -> 0.0034546642 | I13: =E13/$E$3 -> 0.00050519011 | J13: =$J$3*H13 -> 131.27724 | K13: =$K$3*H13 -> 84.98474 | L13: =$L$3*H13 -> 93.275934 | M13: =SUM(J13:L13) -> 309.53791
A14: Ranisankail | B14: 0 | C14: 118.16876 | D14: =IFERROR((C14-B14)/B14,100%) -> 1 | E14: 0 | F14: 8376159.9 | G14: =IFERROR((F14-E14)/E14,100%) -> 1 | H14: =F14/$F$3 -> 0.0046931029 | I14: =E14/$E$3 -> 0 | J14: =$J$3*H14 -> 178.33791 | K14: =$K$3*H14 -> 115.45033 | L14: =$L$3*H14 -> 126.71378 | M14: =SUM(J14:L14) -> 420.50202
A15: Thakurgaon Sadar | B15: 515.9315 | C15: 119.80646 | D15: =IFERROR((C15-B15)/B15,100%) -> -0.76778611 | E15: 25461030 | F15: 9484805.3 | G15: =IFERROR((F15-E15)/E15,100%) -> -0.62747755 | H15: =F15/$F$3 -> 0.005314269 | I15: =E15/$E$3 -> 0.01582633 | J15: =$J$3*H15 -> 201.94222 | K15: =$K$3*H15 -> 130.73102 | L15: =$L$3*H15 -> 143.48526 | M15: =SUM(J15:L15) -> 476.15851
A16: Birganj | B16: 0 | C16: 113.72498 | D16: =IFERROR((C16-B16)/B16,100%) -> 1 | E16: 203245.2 | F16: 4186426.7 | G16: =IFERROR((F16-E16)/E16,100%) -> 19.597912 | H16: =F16/$F$3 -> 0.0023456251 | I16: =E16/$E$3 -> 0.00012633525 | J16: =$J$3*H16 -> 89.133754 | K16: =$K$3*H16 -> 57.702378 | L16: =$L$3*H16 -> 63.331878 | M16: =SUM(J16:L16) -> 210.16801
... A339: National Total | B339: 55197.687 | C339: 36479.581 | D339: =IFERROR((C339-B339)/B339,100%) -> -0.33911033 | E339: 1.6087766e+09 | F339: 1.7847808e+09 | G339: =IFERROR((F339-E339)/E339,100%) -> 0.10940249 | H339: =F339/$F$3 -> 1 | I339: =E339/$E$3 -> 1 | J339: =$J$3*H339 -> 38000 | K339: =$K$3*H339 -> 24600 | L339: =$L$3*H339 -> 27000 | M339: =SUM(J339:L339) -> 89600

Sheet April - Jun (Q2) Collection
A1: Territory | B1: Jan - Mar (Q1) | K1: April - Jun (Q2 - 2026) | O1: April - Jun (Q2 - 2026)
B2: DN | E2: Collection | K2: Target Projected - TP | O2: Target on 2026 Contribution - TOC | T2: April - Jun (Q2 - 2025)
B3: 55198 | C3: 36480 | D3: =IFERROR((C3-B3)/B3,100%) -> -0.33910649 | E3: 1608776622 | F3: 1784780789 | G3: =IFERROR((F3-E3)/E3,100%) -> 0.10940249 | H3: Total | K3: 1.3799709e+09 | L3: 8.2798252e+08 | M3: 8.8318135e+08 | N3: 3.0911347e+09 | O3: =37500*36000 -> 1350000000 | P3: =22500*36000 -> 810000000 | Q3: =24000*36000 -> 864000000 | R3: =SUM(O3:Q3) -> 3024000000 | S3: Variance TOC - TP | T3: 1.0835386e+09 | U3: 7.8039267e+08 | V3: 8.1403813e+08 | W3: 2.6779694e+09 | X3: =IFERROR((R3/W3-1),100%) -> 0.12921382
B4: 2025 | C4: 2026 | D4: Growth | E4: 2025 | F4: 2026 | G4: Growth | H4: Contribution 2026 | I4: Contribution 2025 | K4: Apr | L4: May | M4: Jun | N4: Total | O4: Apr | P4: May | Q4: Jun | R4: Total | T4: Apr | U4: May | V4: Jun | W4: Total | X4: Growth
A5: Debiganj | B5: =VLOOKUP($A5,'Growth Analysis'!A:G,2,FALSE) -> 0 | C5: =VLOOKUP(A5,'Growth Analysis'!A:G,4,FALSE) -> 1 | D5: =IFERROR((C5-B5)/B5,100%) -> 1 | E5: =VLOOKUP($A5,'Growth Analysis'!$A:$G,5,FALSE) -> 0 | F5: =VLOOKUP($A5,'Growth Analysis'!$A:$G,6,FALSE) -> 10882606 | G5: =IFERROR((F5-E5)/E5,100%) -> 1 | H5: =F5/$F$3 -> 0.0060974467 | I5: =E5/$E$3 -> 0 | J5: 0 | K5: =VLOOKUP($A5,[1]Notes!$A:$G,3,FALSE) -> 8177777.8 | L5: =VLOOKUP($A5,[1]Notes!$A:$G,5,FALSE) -> 4906666.7 | M5: =VLOOKUP($A5,[1]Notes!$A:$G,7,FALSE) -> 5233777.8 | N5: =SUM(K5:M5) -> 18318222 | O5: =$O$3*H5 -> 8231553 | P5: =$P$3*H5 -> 4938931.8 | Q5: =$Q$3*H5 -> 5268193.9 | R5: =SUM(O5:Q5) -> 18438679 | S5: =N5/R5-1 -> -0.0065328184 | T5: =VLOOKUP($A5,'[2]All month (2)'!$E:$Y,8,FALSE) -> 0 | U5: =VLOOKUP($A5,'[2]All month (2)'!$E:$Y,14,FALSE) -> 9902304 | V5: =VLOOKUP($A5,'[2]All month (2)'!$E:$Y,20,FALSE) -> 13348800 | W5: =SUM(T5:V5) -> 23251104 | X5: =IFERROR((R5-W5)/W5,100%) -> -0.2069762
A6: Boda | B6: =VLOOKUP($A6,'Growth Analysis'!A:G,2,FALSE) -> 863.54776 | C6: =VLOOKUP(A6,'Growth Analysis'!A:G,4,FALSE) -> -0.813056 | D6: =IFERROR((C6-B6)/B6,100%) -> -1.0009415 | E6: =VLOOKUP($A6,'Growth Analysis'!$A:$G,5,FALSE) -> 29967600 | F6: =VLOOKUP($A6,'Growth Analysis'!$A:$G,6,FALSE) -> 6965953.7 | G6: =IFERROR((F6-E6)/E6,100%) -> -0.7675505 | H6: =F6/$F$3 -> 0.0039029744 | I6: =E6/$E$3 -> 0.018627571 | J6: 846.61545 | K6: =VLOOKUP($A6,[1]Notes!$A:$G,3,FALSE) -> 8031746 | L6: =VLOOKUP($A6,[1]Notes!$A:$G,5,FALSE) -> 4819047.6 | M6: =VLOOKUP($A6,[1]Notes!$A:$G,7,FALSE) -> 5140317.5 | N6: =SUM(K6:M6) -> 17991111 | O6: =$O$3*H6 -> 5269015.4 | P6: =$P$3*H6 -> 3161409.3 | Q6: =$Q$3*H6 -> 3372169.9 | R6: =SUM(O6:Q6) -> 11802595 | S6: =R6/N6-1 -> -0.34397634 | T6: =VLOOKUP($A6,'[2]All month (2)'!$E:$Y,8,FALSE) -> 31100000 | U6: =VLOOKUP($A6,'[2]All month (2)'!$E:$Y,14,FALSE) -> 10727496 | V6: =VLOOKUP($A6,'[2]All month (2)'!$E:$Y,20,FALSE) -> 14461200 | W6: =SUM(T6:V6) -> 56288696 | X6: =IFERROR((R6-W6)/W6,100%) -> -0.79032034
A7: Tetulia | B7: =VLOOKUP($A7,'Growth Analysis'!A:G,2,FALSE) -> 0 | C7: =VLOOKUP(A7,'Growth Analysis'!A:G,4,FALSE) -> 1 | D7: =IFERROR((C7-B7)/B7,100%) -> 1 | E7: =VLOOKUP($A7,'Growth Analysis'!$A:$G,5,FALSE) -> 0 | F7: =VLOOKUP($A7,'Growth Analysis'!$A:$G,6,FALSE) -> 4737540.8 | G7: =IFERROR((F7-E7)/E7,100%) -> 1 | H7: =F7/$F$3 -> 0.0026544104 | I7: =E7/$E$3 -> 0 | J7: 0 | K7: =VLOOKUP($A7,[1]Notes!$A:$G,3,FALSE) -> 2920634.9 | L7: =VLOOKUP($A7,[1]Notes!$A:$G,5,FALSE) -> 1752381 | M7: =VLOOKUP($A7,[1]Notes!$A:$G,7,FALSE) -> 1869206.3 | N7: =SUM(K7:M7) -> 6542222.2 | O7: =$O$3*H7 -> 3583454.1 | P7: =$P$3*H7 -> 2150072.5 | Q7: =$Q$3*H7 -> 2293410.6 | R7: =SUM(O7:Q7) -> 8026937.2 | S7: =R7/N7-1 -> 0.22694352 | T7: =VLOOKUP($A7,'[2]All month (2)'!$E:$Y,8,FALSE) -> 0 | U7: =VLOOKUP($A7,'[2]All month (2)'!$E:$Y,14,FALSE) -> 2911637.7 | V7: =VLOOKUP($A7,'[2]All month (2)'!$E:$Y,20,FALSE) -> 2524353.7 | W7: =SUM(T7:V7) -> 5435991.4 | X7: =IFERROR((R7-W7)/W7,100%) -> 0.47662801
A8: Panchagarh Sadar | B8: =VLOOKUP($A8,'Growth Analysis'!A:G,2,FALSE) -> 382.58925 | C8: =VLOOKUP(A8,'Growth Analysis'!A:G,4,FALSE) -> -0.56448277 | D8: =IFERROR((C8-B8)/B8,100%) -> -1.0014754 | E8: =VLOOKUP($A8,'Growth Analysis'!$A:$G,5,FALSE) -> 6759276.8 | F8: =VLOOKUP($A8,'Growth Analysis'!$A:$G,6,FALSE) -> 8571373 | G8: =IFERROR((F8-E8)/E8,100%) -> 0.26809025 | H8: =F8/$F$3 -> 0.0048024794 | I8: =E8/$E$3 -> 0.0042015012 | J8: 375.0875 | K8: =VLOOKUP($A8,[1]Notes!$A:$G,3,FALSE) -> 7082539.7 | L8: =VLOOKUP($A8,[1]Notes!$A:$G,5,FALSE) -> 4249523.8 | M8: =VLOOKUP($A8,[1]Notes!$A:$G,7,FALSE) -> 4532825.4 | N8: =SUM(K8:M8) -> 15864889 | O8: =$O$3*H8 -> 6483347.2 | P8: =$P$3*H8 -> 3890008.3 | Q8: =$Q$3*H8 -> 4149342.2 | R8: =SUM(O8:Q8) -> 14522698 | S8: =R8/N8-1 -> -0.084601353 | T8: =VLOOKUP($A8,'[2]All month (2)'!$E:$Y,8,FALSE) -> 4704269 | U8: =VLOOKUP($A8,'[2]All month (2)'!$E:$Y,14,FALSE) -> 7128492.3 | V8: =VLOOKUP($A8,'[2]All month (2)'!$E:$Y,20,FALSE) -> 6180314.3 | W8: =SUM(T8:V8) -> 18013076 | X8: =IFERROR((R8-W8)/W8,100%) -> -0.19376912
A9: Atwari | B9: =VLOOKUP($A9,'Growth Analysis'!A:G,2,FALSE) -> 375.10041 | C9: =VLOOKUP(A9,'Growth Analysis'!A:G,4,FALSE) -> -0.70370333 | D9: =IFERROR((C9-B9)/B9,100%) -> -1.001876 | E9: =VLOOKUP($A9,'Growth Analysis'!$A:$G,5,FALSE) -> 15849772 | F9: =VLOOKUP($A9,'Growth Analysis'!$A:$G,6,FALSE) -> 8071774.4 | G9: =IFERROR((F9-E9)/E9,100%) -> -0.49073246 | H9: =F9/$F$3 -> 0.0045225579 | I9: =E9/$E$3 -> 0.009852065 | J9: 367.7455 | K9: =VLOOKUP($A9,[1]Notes!$A:$G,3,FALSE) -> 5330158.7 | L9: =VLOOKUP($A9,[1]Notes!$A:$G,5,FALSE) -> 3198095.2 | M9: =VLOOKUP($A9,[1]Notes!$A:$G,7,FALSE) -> 3411301.6 | N9: =SUM(K9:M9) -> 11939556 | O9: =$O$3*H9 -> 6105453.1 | P9: =$P$3*H9 -> 3663271.9 | Q9: =$Q$3*H9 -> 3907490 | R9: =SUM(O9:Q9) -> 13676215 | S9: =R9/N9-1 -> 0.14545428 | T9: =VLOOKUP($A9,'[2]All month (2)'!$E:$Y,8,FALSE) -> 10000000 | U9: =VLOOKUP($A9,'[2]All month (2)'!$E:$Y,14,FALSE) -> 3844032.5 | V9: =VLOOKUP($A9,'[2]All month (2)'!$E:$Y,20,FALSE) -> 4758415.1 | W9: =SUM(T9:V9) -> 18602448 | X9: =IFERROR((R9-W9)/W9,100%) -> -0.26481637
A10: Baliadangi | B10: =VLOOKUP($A10,'Growth Analysis'!A:G,2,FALSE) -> 0 | C10: =VLOOKUP(A10,'Growth Analysis'!A:G,4,FALSE) -> 1 | D10: =IFERROR((C10-B10)/B10,100%) -> 1 | E10: =VLOOKUP($A10,'Growth Analysis'!$A:$G,5,FALSE) -> 405501 | F10: =VLOOKUP($A10,'Growth Analysis'!$A:$G,6,FALSE) -> 5615183.4 | G10: =IFERROR((F10-E10)/E10,100%) -> 12.84752 | H10: =F10/$F$3 -> 0.0031461474 | I10: =E10/$E$3 -> 0.0002520555 | J10: 0 | K10: =VLOOKUP($A10,[1]Notes!$A:$G,3,FALSE) -> 3869841.3 | L10: =VLOOKUP($A10,[1]Notes!$A:$G,5,FALSE) -> 2321904.8 | M10: =VLOOKUP($A10,[1]Notes!$A:$G,7,FALSE) -> 2476698.4 | N10: =SUM(K10:M10) -> 8668444.4 | O10: =$O$3*H10 -> 4247298.9 | P10: =$P$3*H10 -> 2548379.4 | Q10: =$Q$3*H10 -> 2718271.3 | R10: =SUM(O10:Q10) -> 9513949.6 | S10: =R10/N10-1 -> 0.097538281 | T10: =VLOOKUP($A10,'[2]All month (2)'!$E:$Y,8,FALSE) -> 0 | U10: =VLOOKUP($A10,'[2]All month (2)'!$E:$Y,14,FALSE) -> 2630127.5 | V10: =VLOOKUP($A10,'[2]All month (2)'!$E:$Y,20,FALSE) -> 3255757.7 | W10: =SUM(T10:V10) -> 5885885.2 | X10: =IFERROR((R10-W10)/W10,100%) -> 0.61640081
A11: Ruhia | B11: =VLOOKUP($A11,'Growth Analysis'!A:G,2,FALSE) -> 0 | C11: =VLOOKUP(A11,'Growth Analysis'!A:G,4,FALSE) -> 1 | D11: =IFERROR((C11-B11)/B11,100%) -> 1 | E11: =VLOOKUP($A11,'Growth Analysis'!$A:$G,5,FALSE) -> 0 | F11: =VLOOKUP($A11,'Growth Analysis'!$A:$G,6,FALSE) -> 7678287.9 | G11: =IFERROR((F11-E11)/E11,100%) -> 1 | H11: =F11/$F$3 -> 0.0043020902 | I11: =E11/$E$3 -> 0 | J11: 0 | K11: =VLOOKUP($A11,[1]Notes!$A:$G,3,FALSE) -> 5987301.6 | L11: =VLOOKUP($A11,[1]Notes!$A:$G,5,FALSE) -> 3592381 | M11: =VLOOKUP($A11,[1]Notes!$A:$G,7,FALSE) -> 3831873 | N11: =SUM(K11:M11) -> 13411556 | O11: =$O$3*H11 -> 5807821.7 | P11: =$P$3*H11 -> 3484693 | Q11: =$Q$3*H11 -> 3717005.9 | R11: =SUM(O11:Q11) -> 13009521 | S11: =R11/N11-1 -> -0.029976752 | T11: =VLOOKUP($A11,'[2]All month (2)'!$E:$Y,8,FALSE) -> 0 | U11: =VLOOKUP($A11,'[2]All month (2)'!$E:$Y,14,FALSE) -> 3641715 | V11: =VLOOKUP($A11,'[2]All month (2)'!$E:$Y,20,FALSE) -> 4507972.2 | W11: =SUM(T11:V11) -> 8149687.2 | X11: =IFERROR((R11-W11)/W11,100%) -> 0.59632147
A12: Panchagarh Area | B12: =SUM(B5:B11) -> 1621.2374 | C12: =SUM(C5:C11) -> 1.9187579 | D12: =IFERROR((C12-B12)/B12,100%) -> -0.99881649 | E12: =SUM(E5:E11) -> 52982150 | F12: =SUM(F5:F11) -> 52522719 | G12: =IFERROR((F12-E12)/E12,100%) -> -0.0086714267 | H12: =F12/$F$3 -> 0.029428106 | I12: =E12/$E$3 -> 0.032933192 | J12: =SUM(J5:J11) -> 1589.4484 | K12: =SUM(K5:K11) -> 41400000 | L12: =SUM(L5:L11) -> 24840000 | M12: =SUM(M5:M11) -> 26496000 | N12: =SUM(K12:M12) -> 92736000 | O12: =$O$3*H12 -> 39727944 | P12: =$P$3*H12 -> 23836766 | Q12: =$Q$3*H12 -> 25425884 | R12: =SUM(O12:Q12) -> 88990594 | T12: =SUM(T5:T11) -> 45804269 | U12: =SUM(U5:U11) -> 40785805 | V12: =SUM(V5:V11) -> 49036813 | W12: =SUM(W5:W11) -> 135626887 | X12: =IFERROR((R12-W12)/W12,100%) -> -0.34385729
A13: Pirganj_Thakurgaon | B13: =VLOOKUP($A13,'Growth Analysis'!A:G,2,FALSE) -> 0 | C13: =VLOOKUP(A13,'Growth Analysis'!A:G,4,FALSE) -> 1 | D13: =IFERROR((C13-B13)/B13,100%) -> 1 | E13: =VLOOKUP($A13,'Growth Analysis'!$A:$G,5,FALSE) -> 812738.04 | F13: =VLOOKUP($A13,'Growth Analysis'!$A:$G,6,FALSE) -> 6165818.3 | G13: =IFERROR((F13-E13)/E13,100%) -> 6.5864769 | H13: =F13/$F$3 -> 0.0034546642 | I13: =E13/$E$3 -> 0.00050519011 | J13: 0 | K13: =VLOOKUP($A13,[1]Notes!$A:$G,3,FALSE) -> 4968000 | L13: =VLOOKUP($A13,[1]Notes!$A:$G,5,FALSE) -> 2980800 | M13: =VLOOKUP($A13,[1]Notes!$A:$G,7,FALSE) -> 3179520 | N13: =SUM(K13:M13) -> 11128320 | O13: =$O$3*H13 -> 4663796.7 | P13: =$P$3*H13 -> 2798278 | Q13: =$Q$3*H13 -> 2984829.9 | R13: =SUM(O13:Q13) -> 10446905 | S13: =R13/N13-1 -> -0.061232548 | T13: =VLOOKUP($A13,'[2]All month (2)'!$E:$Y,8,FALSE) -> 0 | U13: =VLOOKUP($A13,'[2]All month (2)'!$E:$Y,14,FALSE) -> 3190535 | V13: =VLOOKUP($A13,'[2]All month (2)'!$E:$Y,20,FALSE) -> 3002979 | W13: =SUM(T13:V13) -> 6193514 | X13: =IFERROR((R13-W13)/W13,100%) -> 0.68674916
A14: Ranisankail | B14: =VLOOKUP($A14,'Growth Analysis'!A:G,2,FALSE) -> 0 | C14: =VLOOKUP(A14,'Growth Analysis'!A:G,4,FALSE) -> 1 | D14: =IFERROR((C14-B14)/B14,100%) -> 1 | E14: =VLOOKUP($A14,'Growth Analysis'!$A:$G,5,FALSE) -> 0 | F14: =VLOOKUP($A14,'Growth Analysis'!$A:$G,6,FALSE) -> 8376159.9 | G14: =IFERROR((F14-E14)/E14,100%) -> 1 | H14: =F14/$F$3 -> 0.0046931029 | I14: =E14/$E$3 -> 0 | J14: 0 | K14: =VLOOKUP($A14,[1]Notes!$A:$G,3,FALSE) -> 7617600 | L14: =VLOOKUP($A14,[1]Notes!$A:$G,5,FALSE) -> 4570560 | M14: =VLOOKUP($A14,[1]Notes!$A:$G,7,FALSE) -> 4875264 | N14: =SUM(K14:M14) -> 17063424 | O14: =$O$3*H14 -> 6335688.9 | P14: =$P$3*H14 -> 3801413.4 | Q14: =$Q$3*H14 -> 4054840.9 | R14: =SUM(O14:Q14) -> 14191943 | S14: =R14/N14-1 -> -0.1682828 | T14: =VLOOKUP($A14,'[2]All month (2)'!$E:$Y,8,FALSE) -> 0 | U14: =VLOOKUP($A14,'[2]All month (2)'!$E:$Y,14,FALSE) -> 3630608.9 | V14: =VLOOKUP($A14,'[2]All month (2)'!$E:$Y,20,FALSE) -> 3417183 | W14: =SUM(T14:V14) -> 7047791.8 | X14: =IFERROR((R14-W14)/W14,100%) -> 1.0136723
A15: Thakurgaon Sadar | B15: =VLOOKUP($A15,'Growth Analysis'!A:G,2,FALSE) -> 515.9315 | C15: =VLOOKUP(A15,'Growth Analysis'!A:G,4,FALSE) -> -0.76778611 | D15: =IFERROR((C15-B15)/B15,100%) -> -1.0014882 | E15: =VLOOKUP($A15,'Growth Analysis'!$A:$G,5,FALSE) -> 25461030 | F15: =VLOOKUP($A15,'Growth Analysis'!$A:$G,6,FALSE) -> 9484805.3 | G15: =IFERROR((F15-E15)/E15,100%) -> -0.62747755 | H15: =F15/$F$3 -> 0.005314269 | I15: =E15/$E$3 -> 0.01582633 | J15: 505.8152 | K15: =VLOOKUP($A15,[1]Notes!$A:$G,3,FALSE) -> 7948800 | L15: =VLOOKUP($A15,[1]Notes!$A:$G,5,FALSE) -> 4769280 | M15: =VLOOKUP($A15,[1]Notes!$A:$G,7,FALSE) -> 5087232 | N15: =SUM(K15:M15) -> 17805312 | O15: =$O$3*H15 -> 7174263.2 | P15: =$P$3*H15 -> 4304557.9 | Q15: =$Q$3*H15 -> 4591528.4 | R15: =SUM(O15:Q15) -> 16070350 | S15: =R15/N15-1 -> -0.097440721 | T15: =VLOOKUP($A15,'[2]All month (2)'!$E:$Y,8,FALSE) -> 25170081 | U15: =VLOOKUP($A15,'[2]All month (2)'!$E:$Y,14,FALSE) -> 4180701.1 | V15: =VLOOKUP($A15,'[2]All month (2)'!$E:$Y,20,FALSE) -> 3934938 | W15: =SUM(T15:V15) -> 33285720 | X15: =IFERROR((R15-W15)/W15,100%) -> -0.51719988
A16: Birganj | B16: =VLOOKUP($A16,'Growth Analysis'!A:G,2,FALSE) -> 0 | C16: =VLOOKUP(A16,'Growth Analysis'!A:G,4,FALSE) -> 1 | D16: =IFERROR((C16-B16)/B16,100%) -> 1 | E16: =VLOOKUP($A16,'Growth Analysis'!$A:$G,5,FALSE) -> 203245.2 | F16: =VLOOKUP($A16,'Growth Analysis'!$A:$G,6,FALSE) -> 4186426.7 | G16: =IFERROR((F16-E16)/E16,100%) -> 19.597912 | H16: =F16/$F$3 -> 0.0023456251 | I16: =E16/$E$3 -> 0.00012633525 | J16: 0 | K16: =VLOOKUP($A16,[1]Notes!$A:$G,3,FALSE) -> 4968000 | L16: =VLOOKUP($A16,[1]Notes!$A:$G,5,FALSE) -> 2980800 | M16: =VLOOKUP($A16,[1]Notes!$A:$G,7,FALSE) -> 3179520 | N16: =SUM(K16:M16) -> 11128320 | O16: =$O$3*H16 -> 3166593.9 | P16: =$P$3*H16 -> 1899956.3 | Q16: =$Q$3*H16 -> 2026620.1 | R16: =SUM(O16:Q16) -> 7093170.4 | S16: =R16/N16-1 -> -0.36260187 | T16: =VLOOKUP($A16,'[2]All month (2)'!$E:$Y,8,FALSE) -> 22600017 | U16: =VLOOKUP($A16,'[2]All month (2)'!$E:$Y,14,FALSE) -> 3614710.8 | V16: =VLOOKUP($A16,'[2]All month (2)'!$E:$Y,20,FALSE) -> 2335287.4 | W16: =SUM(T16:V16) -> 28550015 | X16: =IFERROR((R16-W16)/W16,100%) -> -0.75155283
A17: Khansama | B17: =VLOOKUP($A17,'Growth Analysis'!A:G,2,FALSE) -> 0 | C17: =VLOOKUP(A17,'Growth Analysis'!A:G,4,FALSE) -> 1 | D17: =IFERROR((C17-B17)/B17,100%) -> 1 | E17: =VLOOKUP($A17,'Growth Analysis'!$A:$G,5,FALSE) -> 0 | F17: =VLOOKUP($A17,'Growth Analysis'!$A:$G,6,FALSE) -> 3429066.9 | G17: =IFERROR((F17-E17)/E17,100%) -> 1 | H17: =F17/$F$3 -> 0.0019212818 | I17: =E17/$E$3 -> 0 | J17: 0 | K17: =VLOOKUP($A17,[1]Notes!$A:$G,3,FALSE) -> 4968000 | L17: =VLOOKUP($A17,[1]Notes!$A:$G,5,FALSE) -> 2980800 | M17: =VLOOKUP($A17,[1]Notes!$A:$G,7,FALSE) -> 3179520 | N17: =SUM(K17:M17) -> 11128320 | O17: =$O$3*H17 -> 2593730.5 | P17: =$P$3*H17 -> 1556238.3 | Q17: =$Q$3*H17 -> 1659987.5 | R17: =SUM(O17:Q17) -> 5809956.3 | S17: =R17/N17-1 -> -0.47791255 | T17: =VLOOKUP($A17,'[2]All month (2)'!$E:$Y,8,FALSE) -> 0 | U17: =VLOOKUP($A17,'[2]All month (2)'!$E:$Y,14,FALSE) -> 3313484.9 | V17: =VLOOKUP($A17,'[2]All month (2)'!$E:$Y,20,FALSE) -> 2140680.1 | W17: =SUM(T17:V17) -> 5454165 | X17: =IFERROR((R17-W17)/W17,100%) -> 0.06523295
A18: Kaharole | B18: =VLOOKUP($A18,'Growth Analysis'!A:G,2,FALSE) -> 0 | C18: =VLOOKUP(A18,'Growth Analysis'!A:G,4,FALSE) -> 1 | D18: =IFERROR((C18-B18)/B18,100%) -> 1 | E18: =VLOOKUP($A18,'Growth Analysis'!$A:$G,5,FALSE) -> 0 | F18: =VLOOKUP($A18,'Growth Analysis'!$A:$G,6,FALSE) -> 5136695.5 | G18: =IFERROR((F18-E18)/E18,100%) -> 1 | H18: =F18/$F$3 -> 0.002878054 | I18: =E18/$E$3 -> 0 | J18: 0 | K18: =VLOOKUP($A18,[1]Notes!$A:$G,3,FALSE) -> 4968000 | L18: =VLOOKUP($A18,[1]Notes!$A:$G,5,FALSE) -> 2980800 | M18: =VLOOKUP($A18,[1]Notes!$A:$G,7,FALSE) -> 3179520 | N18: =SUM(K18:M18) -> 11128320 | O18: =$O$3*H18 -> 3885372.9 | P18: =$P$3*H18 -> 2331223.8 | Q18: =$Q$3*H18 -> 2486638.7 | R18: =SUM(O18:Q18) -> 8703235.4 | S18: =R18/N18-1 -> -0.2179201 | T18: =VLOOKUP($A18,'[2]All month (2)'!$E:$Y,8,FALSE) -> 0 | U18: =VLOOKUP($A18,'[2]All month (2)'!$E:$Y,14,FALSE) -> 4066549.6 | V18: =VLOOKUP($A18,'[2]All month (2)'!$E:$Y,20,FALSE) -> 2627198.3 | W18: =SUM(T18:V18) -> 6693747.9 | X18: =IFERROR((R18-W18)/W18,100%) -> 0.30020364
A19: Bochaganj | B19: =VLOOKUP($A19,'Growth Analysis'!A:G,2,FALSE) -> 0 | C19: =VLOOKUP(A19,'Growth Analysis'!A:G,4,FALSE) -> 1 | D19: =IFERROR((C19-B19)/B19,100%) -> 1 | E19: =VLOOKUP($A19,'Growth Analysis'!$A:$G,5,FALSE) -> 391680 | F19: =VLOOKUP($A19,'Growth Analysis'!$A:$G,6,FALSE) -> 5416272.8 | G19: =IFERROR((F19-E19)/E19,100%) -> 12.828311 | H19: =F19/$F$3 -> 0.0030346992 | I19: =E19/$E$3 -> 0.0002434645 | J19: 0 | K19: =VLOOKUP($A19,[1]Notes!$A:$G,3,FALSE) -> 5961600 | L19: =VLOOKUP($A19,[1]Notes!$A:$G,5,FALSE) -> 3576960 | M19: =VLOOKUP($A19,[1]Notes!$A:$G,7,FALSE) -> 3815424 | N19: =SUM(K19:M19) -> 13353984 | O19: =$O$3*H19 -> 4096843.9 | P19: =$P$3*H19 -> 2458106.3 | Q19: =$Q$3*H19 -> 2621980.1 | R19: =SUM(O19:Q19) -> 9176930.2 | S19: =R19/N19-1 -> -0.31279458 | T19: =VLOOKUP($A19,'[2]All month (2)'!$E:$Y,8,FALSE) -> 0 | U19: =VLOOKUP($A19,'[2]All month (2)'!$E:$Y,14,FALSE) -> 4066549.6 | V19: =VLOOKUP($A19,'[2]All month (2)'!$E:$Y,20,FALSE) -> 2627198.3 | W19: =SUM(T19:V19) -> 6693747.9 | X19: =IFERROR((R19-W19)/W19,100%) -> 0.37097039
A20: Thakurgaon Area | B20: =SUM(B13:B19) -> 515.9315 | C20: =SUM(C13:C19) -> 5.2322139 | D20: =IFERROR((C20-B20)/B20,100%) -> -0.9898587 | E20: =SUM(E13:E19) -> 26868693 | F20: =SUM(F13:F19) -> 42195245 | G20: =IFERROR((F20-E20)/E20,100%) -> 0.57042418 | H20: =F20/$F$3 -> 0.023641696 | I20: =E20/$E$3 -> 0.01670132 | J20: =SUM(J13:J19) -> 505.8152 | K20: =SUM(K13:K19) -> 41400000 | L20: =SUM(L13:L19) -> 24840000 | M20: =SUM(M13:M19) -> 26496000 | N20: =SUM(K20:M20) -> 92736000 | O20: 368 | P20: =$P$3*H20 -> 19149774 | Q20: =$Q$3*H20 -> 20426426 | R20: =SUM(O20:Q20) -> 39576568 | T20: =SUM(T13:T19) -> 47770098 | U20: =SUM(U13:U19) -> 26063140 | V20: =SUM(V13:V19) -> 20085464 | W20: =SUM(W13:W19) -> 93918702 | X20: =IFERROR((R20-W20)/W20,100%) -> -0.57860823
A21: Domar | B21: =VLOOKUP($A21,'Growth Analysis'!A:G,2,FALSE) -> 185.65683 | C21: =VLOOKUP(A21,'Growth Analysis'!A:G,4,FALSE) -> -0.9317822 | D21: =IFERROR((C21-B21)/B21,100%) -> -1.0050188 | E21: =VLOOKUP($A21,'Growth Analysis'!$A:$G,5,FALSE) -> 6910500 | F21: =VLOOKUP($A21,'Growth Analysis'!$A:$G,6,FALSE) -> 1155000 | G21: =IFERROR((F21-E21)/E21,100%) -> -0.83286303 | H21: =F21/$F$3 -> 0.0006471383 | I21: =E21/$E$3 -> 0.0042955 | J21: 182.0165 | K21: =VLOOKUP($A21,[1]Notes!$A:$G,3,FALSE) -> 4475675.7 | L21: =VLOOKUP($A21,[1]Notes!$A:$G,5,FALSE) -> 2685405.4 | M21: =VLOOKUP($A21,[1]Notes!$A:$G,7,FALSE) -> 2864432.4 | N21: =SUM(K21:M21) -> 10025514 | O21: =$O$3*H21 -> 873636.7 | P21: =$P$3*H21 -> 524182.02 | Q21: =$Q$3*H21 -> 559127.49 | R21: =SUM(O21:Q21) -> 1956946.2 | S21: =R21/N21-1 -> -0.80480339 | T21: =VLOOKUP($A21,'[2]All month (2)'!$E:$Y,8,FALSE) -> 3514000 | U21: =VLOOKUP($A21,'[2]All month (2)'!$E:$Y,14,FALSE) -> 1791000 | V21: =VLOOKUP($A21,'[2]All month (2)'!$E:$Y,20,FALSE) -> 2279000 | W21: =SUM(T21:V21) -> 7584000 | X21: =IFERROR((R21-W21)/W21,100%) -> -0.74196384
A22: Jaldhaka | B22: =VLOOKUP($A22,'Growth Analysis'!A:G,2,FALSE) -> 0 | C22: =VLOOKUP(A22,'Growth Analysis'!A:G,4,FALSE) -> 1 | D22: =IFERROR((C22-B22)/B22,100%) -> 1 | E22: =VLOOKUP($A22,'Growth Analysis'!$A:$G,5,FALSE) -> 0 | F22: =VLOOKUP($A22,'Growth Analysis'!$A:$G,6,FALSE) -> 4006543.8 | G22: =IFERROR((F22-E22)/E22,100%) -> 1 | H22: =F22/$F$3 -> 0.002244838 | I22: =E22/$E$3 -> 0 | J22: 0 | K22: =VLOOKUP($A22,[1]Notes!$A:$G,3,FALSE) -> 5967567.6 | L22: =VLOOKUP($A22,[1]Notes!$A:$G,5,FALSE) -> 3580540.5 | M22: =VLOOKUP($A22,[1]Notes!$A:$G,7,FALSE) -> 3819243.2 | N22: =SUM(K22:M22) -> 13367351 | O22: =$O$3*H22 -> 3030531.3 | P22: =$P$3*H22 -> 1818318.8 | Q22: =$Q$3*H22 -> 1939540.1 | R22: =SUM(O22:Q22) -> 6788390.2 | S22: =R22/N22-1 -> -0.4921664 | T22: =VLOOKUP($A22,'[2]All month (2)'!$E:$Y,8,FALSE) -> 0 | U22: =VLOOKUP($A22,'[2]All month (2)'!$E:$Y,14,FALSE) -> 3322557.1 | V22: =VLOOKUP($A22,'[2]All month (2)'!$E:$Y,20,FALSE) -> 2274085.4 | W22: =SUM(T22:V22) -> 5596642.6 | X22: =IFERROR((R22-W22)/W22,100%) -> 0.21293974
A23: Nilphamari Sadar | B23: =VLOOKUP($A23,'Growth Analysis'!A:G,2,FALSE) -> 1370.4014 | C23: =VLOOKUP(A23,'Growth Analysis'!A:G,4,FALSE) -> -0.90647687 | D23: =IFERROR((C23-B23)/B23,100%) -> -1.0006615 | E23: =VLOOKUP($A23,'Growth Analysis'!$A:$G,5,FALSE) -> 21299339 | F23: =VLOOKUP($A23,'Growth Analysis'!$A:$G,6,FALSE) -> 3415849 | G23: =IFERROR((F23-E23)/E23,100%) -> -0.83962653 | H23: =F23/$F$3 -> 0.0019138759 | I23: =E23/$E$3 -> 0.013239463 | J23: 1343.5307 | K23: =VLOOKUP($A23,[1]Notes!$A:$G,3,FALSE) -> 5221621.6 | L23: =VLOOKUP($A23,[1]Notes!$A:$G,5,FALSE) -> 3132973 | M23: =VLOOKUP($A23,[1]Notes!$A:$G,7,FALSE) -> 3341837.8 | N23: =SUM(K23:M23) -> 11696432 | O23: =$O$3*H23 -> 2583732.5 | P23: =$P$3*H23 -> 1550239.5 | Q23: =$Q$3*H23 -> 1653588.8 | R23: =SUM(O23:Q23) -> 5787560.9 | S23: =R23/N23-1 -> -0.5051858 | T23: =VLOOKUP($A23,'[2]All month (2)'!$E:$Y,8,FALSE) -> 20975628 | U23: =VLOOKUP($A23,'[2]All month (2)'!$E:$Y,14,FALSE) -> 6437454.4 | V23: =VLOOKUP($A23,'[2]All month (2)'!$E:$Y,20,FALSE) -> 4406040.5 | W23: =SUM(T23:V23) -> 31819123 | X23: =IFERROR((R23-W23)/W23,100%) -> -0.81811061
A24: Sayedpur | B24: =VLOOKUP($A24,'Growth Analysis'!A:G,2,FALSE) -> 0 | C24: =VLOOKUP(A24,'Growth Analysis'!A:G,4,FALSE) -> 1 | D24: =IFERROR((C24-B24)/B24,100%) -> 1 | E24: =VLOOKUP($A24,'Growth Analysis'!$A:$G,5,FALSE) -> 0 | F24: =VLOOKUP($A24,'Growth Analysis'!$A:$G,6,FALSE) -> 2354295.2 | G24: =IFERROR((F24-E24)/E24,100%) -> 1 | H24: =F24/$F$3 -> 0.0013190949 | I24: =E24/$E$3 -> 0 | J24: 0 | K24: =VLOOKUP($A24,[1]Notes!$A:$G,3,FALSE) -> 3729729.7 | L24: =VLOOKUP($A24,[1]Notes!$A:$G,5,FALSE) -> 2237837.8 | M24: =VLOOKUP($A24,[1]Notes!$A:$G,7,FALSE) -> 2387027 | N24: =SUM(K24:M24) -> 8354594.6 | O24: =$O$3*H24 -> 1780778.1 | P24: =$P$3*H24 -> 1068466.9 | Q24: =$Q$3*H24 -> 1139698 | R24: =SUM(O24:Q24) -> 3988943 | S24: =R24/N24-1 -> -0.522545 | T24: =VLOOKUP($A24,'[2]All month (2)'!$E:$Y,8,FALSE) -> 0 | U24: =VLOOKUP($A24,'[2]All month (2)'!$E:$Y,14,FALSE) -> 4153196.4 | V24: =VLOOKUP($A24,'[2]All month (2)'!$E:$Y,20,FALSE) -> 2842606.8 | W24: =SUM(T24:V24) -> 6995803.2 | X24: =IFERROR((R24-W24)/W24,100%) -> -0.42980915
A25: Dimla | B25: =VLOOKUP($A25,'Growth Analysis'!A:G,2,FALSE) -> 0 | C25: =VLOOKUP(A25,'Growth Analysis'!A:G,4,FALSE) -> 1 | D25: =IFERROR((C25-B25)/B25,100%) -> 1 | E25: =VLOOKUP($A25,'Growth Analysis'!$A:$G,5,FALSE) -> 0 | F25: =VLOOKUP($A25,'Growth Analysis'!$A:$G,6,FALSE) -> 4006543.8 | G25: =IFERROR((F25-E25)/E25,100%) -> 1 | H25: =F25/$F$3 -> 0.002244838 | I25: =E25/$E$3 -> 0 | J25: 0 | K25: =VLOOKUP($A25,[1]Notes!$A:$G,3,FALSE) -> 5967567.6 | L25: =VLOOKUP($A25,[1]Notes!$A:$G,5,FALSE) -> 3580540.5 | M25: =VLOOKUP($A25,[1]Notes!$A:$G,7,FALSE) -> 3819243.2 | N25: =SUM(K25:M25) -> 13367351 | O25: =$O$3*H25 -> 3030531.3 | P25: =$P$3*H25 -> 1818318.8 | Q25: =$Q$3*H25 -> 1939540.1 | R25: =SUM(O25:Q25) -> 6788390.2 | S25: =R25/N25-1 -> -0.4921664 | T25: =VLOOKUP($A25,'[2]All month (2)'!$E:$Y,8,FALSE) -> 0 | U25: =VLOOKUP($A25,'[2]All month (2)'!$E:$Y,14,FALSE) -> 4360856.2 | V25: =VLOOKUP($A25,'[2]All month (2)'!$E:$Y,20,FALSE) -> 2984737.1 | W25: =SUM(T25:V25) -> 7345593.4 | X25: =IFERROR((R25-W25)/W25,100%) -> -0.075855433
A26: Kishoreganj_Nilphamari | B26: =VLOOKUP($A26,'Growth Analysis'!A:G,2,FALSE) -> 0 | C26: =VLOOKUP(A26,'Growth Analysis'!A:G,4,FALSE) -> 1 | D26: =IFERROR((C26-B26)/B26,100%) -> 1 | E26: =VLOOKUP($A26,'Growth Analysis'!$A:$G,5,FALSE) -> 0 | F26: =VLOOKUP($A26,'Growth Analysis'!$A:$G,6,FALSE) -> 1412577.1 | G26: =IFERROR((F26-E26)/E26,100%) -> 1 | H26: =F26/$F$3 -> 0.00079145693 | I26: =E26/$E$3 -> 0 | J26: 0 | K26: =VLOOKUP($A26,[1]Notes!$A:$G,3,FALSE) -> 2237837.8 | L26: =VLOOKUP($A26,[1]Notes!$A:$G,5,FALSE) -> 1342702.7 | M26: =VLOOKUP($A26,[1]Notes!$A:$G,7,FALSE) -> 1432216.2 | N26: =SUM(K26:M26) -> 5012756.8 | O26: =$O$3*H26 -> 1068466.9 | P26: =$P$3*H26 -> 641080.12 | Q26: =$Q$3*H26 -> 683818.79 | R26: =SUM(O26:Q26) -> 2393365.8 | S26: =R26/N26-1 -> -0.522545 | T26: =VLOOKUP($A26,'[2]All month (2)'!$E:$Y,8,FALSE) -> 0 | U26: =VLOOKUP($A26,'[2]All month (2)'!$E:$Y,14,FALSE) -> 2491917.8 | V26: =VLOOKUP($A26,'[2]All month (2)'!$E:$Y,20,FALSE) -> 1705564.1 | W26: =SUM(T26:V26) -> 4197481.9 | X26: =IFERROR((R26-W26)/W26,100%) -> -0.42980915
A27: Nilphamari Area | B27: =SUM(B21:B26) -> 1556.0582 | C27: =SUM(C21:C26) -> 2.1617409 | D27: =IFERROR((C27-B27)/B27,100%) -> -0.99861076 | E27: =SUM(E21:E26) -> 28209839 | F27: =SUM(F21:F26) -> 16350809 | G27: =IFERROR((F27-E27)/E27,100%) -> -0.42038631 | H27: =F27/$F$3 -> 0.0091612421 | I27: =E27/$E$3 -> 0.017534963 | J27: =SUM(J21:J26) -> 1525.5472 | K27: =SUM(K21:K26) -> 27600000 | L27: =SUM(L21:L26) -> 16560000 | M27: =SUM(M21:M26) -> 17664000 | N27: =SUM(K27:M27) -> 61824000 | O27: =$O$3*H27 -> 12367677 | P27: =$P$3*H27 -> 7420606.1 | Q27: =$Q$3*H27 -> 7915313.2 | R27: =SUM(O27:Q27) -> 27703596 | T27: =SUM(T21:T26) -> 24489628 | U27: =SUM(U21:U26) -> 22556982 | V27: =SUM(V21:V26) -> 16492034 | W27: =SUM(W21:W26) -> 63538644 | X27: =IFERROR((R27-W27)/W27,100%) -> -0.56398824
A28: Birol | B28: =VLOOKUP($A28,'Growth Analysis'!A:G,2,FALSE) -> 0 | C28: =VLOOKUP(A28,'Growth Analysis'!A:G,4,FALSE) -> 1 | D28: =IFERROR((C28-B28)/B28,100%) -> 1 | E28: =VLOOKUP($A28,'Growth Analysis'!$A:$G,5,FALSE) -> 0 | F28: =VLOOKUP($A28,'Growth Analysis'!$A:$G,6,FALSE) -> 15630806 | G28: =IFERROR((F28-E28)/E28,100%) -> 1 | H28: =F28/$F$3 -> 0.0087578295 | I28: =E28/$E$3 -> 0 | J28: 0 | K28: =VLOOKUP($A28,[1]Notes!$A:$G,3,FALSE) -> 10466508 | L28: =VLOOKUP($A28,[1]Notes!$A:$G,5,FALSE) -> 6279904.6 | M28: =VLOOKUP($A28,[1]Notes!$A:$G,7,FALSE) -> 6698564.9 | N28: =SUM(K28:M28) -> 23444977 | O28: =$O$3*H28 -> 11823070 | P28: =$P$3*H28 -> 7093841.9 | Q28: =$Q$3*H28 -> 7566764.7 | R28: =SUM(O28:Q28) -> 26483676 | S28: =R28/N28-1 -> 0.12960982 | T28: =VLOOKUP($A28,'[2]All month (2)'!$E:$Y,8,FALSE) -> 0 | U28: =VLOOKUP($A28,'[2]All month (2)'!$E:$Y,14,FALSE) -> 5661173.5 | V28: =VLOOKUP($A28,'[2]All month (2)'!$E:$Y,20,FALSE) -> 9222132.4 | W28: =SUM(T28:V28) -> 14883306 | X28: =IFERROR((R28-W28)/W28,100%) -> 0.77942163
A29: Chirirbandar | B29: =VLOOKUP($A29,'Growth Analysis'!A:G,2,FALSE) -> 0 | C29: =VLOOKUP(A29,'Growth Analysis'!A:G,4,FALSE) -> 1 | D29: =IFERROR((C29-B29)/B29,100%) -> 1 | E29: =VLOOKUP($A29,'Growth Analysis'!$A:$G,5,FALSE) -> 357000 | F29: =VLOOKUP($A29,'Growth Analysis'!$A:$G,6,FALSE) -> 16050806 | G29: =IFERROR((F29-E29)/E29,100%) -> 43.96024 | H29: =F29/$F$3 -> 0.0089931525 | I29: =E29/$E$3 -> 0.00022190775 | J29: 0 | K29: =VLOOKUP($A29,[1]Notes!$A:$G,3,FALSE) -> 10466508 | L29: =VLOOKUP($A29,[1]Notes!$A:$G,5,FALSE) -> 6279904.6 | M29: =VLOOKUP($A29,[1]Notes!$A:$G,7,FALSE) -> 6698564.9 | N29: =SUM(K29:M29) -> 23444977 | O29: =$O$3*H29 -> 12140756 | P29: =$P$3*H29 -> 7284453.5 | Q29: =$Q$3*H29 -> 7770083.8 | R29: =SUM(O29:Q29) -> 27195293 | S29: =R29/N29-1 -> 0.15996245 | T29: =VLOOKUP($A29,'[2]All month (2)'!$E:$Y,8,FALSE) -> 50000 | U29: =VLOOKUP($A29,'[2]All month (2)'!$E:$Y,14,FALSE) -> 4924390 | V29: =VLOOKUP($A29,'[2]All month (2)'!$E:$Y,20,FALSE) -> 8020876 | W29: =SUM(T29:V29) -> 12995266 | X29: =IFERROR((R29-W29)/W29,100%) -> 1.0927077
A30: Dinajpur Sadar | B30: =VLOOKUP($A30,'Growth Analysis'!A:G,2,FALSE) -> 2222.1154 | C30: =VLOOKUP(A30,'Growth Analysis'!A:G,4,FALSE) -> -0.88216842 | D30: =IFERROR((C30-B30)/B30,100%) -> -1.000397 | E30: =VLOOKUP($A30,'Growth Analysis'!$A:$G,5,FALSE) -> 59488914 | F30: =VLOOKUP($A30,'Growth Analysis'!$A:$G,6,FALSE) -> 11595445 | G30: =IFERROR((F30-E30)/E30,100%) -> -0.80508226 | H30: =F30/$F$3 -> 0.0064968454 | I30: =E30/$E$3 -> 0.036977734 | J30: 2178.5445 | K30: =VLOOKUP($A30,[1]Notes!$A:$G,3,FALSE) -> 9419856.9 | L30: =VLOOKUP($A30,[1]Notes!$A:$G,5,FALSE) -> 5651914.1 | M30: =VLOOKUP($A30,[1]Notes!$A:$G,7,FALSE) -> 6028708.4 | N30: =SUM(K30:M30) -> 21100479 | O30: =$O$3*H30 -> 8770741.3 | P30: =$P$3*H30 -> 5262444.8 | Q30: =$Q$3*H30 -> 5613274.4 | R30: =SUM(O30:Q30) -> 19646461 | S30: =N30/R30-1 -> 0.074009207 | T30: =VLOOKUP($A30,'[2]All month (2)'!$E:$Y,8,FALSE) -> 45832080 | U30: =VLOOKUP($A30,'[2]All month (2)'!$E:$Y,14,FALSE) -> 5648673.5 | V30: =VLOOKUP($A30,'[2]All month (2)'!$E:$Y,20,FALSE) -> 9209632.4 | W30: =SUM(T30:V30) -> 60690386 | X30: =IFERROR((R30-W30)/W30,100%) -> -0.67628381
A31: Parbatipur | B31: =VLOOKUP($A31,'Growth Analysis'!A:G,2,FALSE) -> 61.5111 | C31: =VLOOKUP(A31,'Growth Analysis'!A:G,4,FALSE) -> 2.6198196 | D31: =IFERROR((C31-B31)/B31,100%) -> -0.95740899 | E31: =VLOOKUP($A31,'Growth Analysis'!$A:$G,5,FALSE) -> 2027760 | F31: =VLOOKUP($A31,'Growth Analysis'!$A:$G,6,FALSE) -> 9794030.2 | G31: =IFERROR((F31-E31)/E31,100%) -> 3.8299751 | H31: =F31/$F$3 -> 0.0054875256 | I31: =E31/$E$3 -> 0.001260436 | J31: 60.305 | K31: =VLOOKUP($A31,[1]Notes!$A:$G,3,FALSE) -> 6279904.6 | L31: =VLOOKUP($A31,[1]Notes!$A:$G,5,FALSE) -> 3767942.8 | M31: =VLOOKUP($A31,[1]Notes!$A:$G,7,FALSE) -> 4019138.9 | N31: =SUM(K31:M31) -> 14066986 | O31: =$O$3*H31 -> 7408159.5 | P31: =$P$3*H31 -> 4444895.7 | Q31: =$Q$3*H31 -> 4741222.1 | R31: =SUM(O31:Q31) -> 16594277 | S31: =R31/N31-1 -> 0.17966116 | T31: =VLOOKUP($A31,'[2]All month (2)'!$E:$Y,8,FALSE) -> 0 | U31: =VLOOKUP($A31,'[2]All month (2)'!$E:$Y,14,FALSE) -> 3942012 | V31: =VLOOKUP($A31,'[2]All month (2)'!$E:$Y,20,FALSE) -> 6419200.8 | W31: =SUM(T31:V31) -> 10361213 | X31: =IFERROR((R31-W31)/W31,100%) -> 0.60157673
A32: Fulbari_Dinajpur | B32: =VLOOKUP($A32,'Growth Analysis'!A:G,2,FALSE) -> 0 | C32: =VLOOKUP(A32,'Growth Analysis'!A:G,4,FALSE) -> 1 | D32: =IFERROR((C32-B32)/B32,100%) -> 1 | E32: =VLOOKUP($A32,'Growth Analysis'!$A:$G,5,FALSE) -> 0 | F32: =VLOOKUP($A32,'Growth Analysis'!$A:$G,6,FALSE) -> 9447741.3 | G32: =IFERROR((F32-E32)/E32,100%) -> 1 | H32: =F32/$F$3 -> 0.0052935023 | I32: =E32/$E$3 -> 0 | J32: 0 | K32: =VLOOKUP($A32,[1]Notes!$A:$G,3,FALSE) -> 6279904.6 | L32: =VLOOKUP($A32,[1]Notes!$A:$G,5,FALSE) -> 3767942.8 | M32: =VLOOKUP($A32,[1]Notes!$A:$G,7,FALSE) -> 4019138.9 | N32: =SUM(K32:M32) -> 14066986 | O32: =$O$3*H32 -> 7146228.2 | P32: =$P$3*H32 -> 4287736.9 | Q32: =$Q$3*H32 -> 4573586 | R32: =SUM(O32:Q32) -> 16007551 | S32: =R32/N32-1 -> 0.13795171 | T32: =VLOOKUP($A32,'[2]All month (2)'!$E:$Y,8,FALSE) -> 0 | U32: =VLOOKUP($A32,'[2]All month (2)'!$E:$Y,14,FALSE) -> 4420701 | V32: =VLOOKUP($A32,'[2]All month (2)'!$E:$Y,20,FALSE) -> 7207538.4 | W32: =SUM(T32:V32) -> 11628239 | X32: =IFERROR((R32-W32)/W32,100%) -> 0.37661004
A33: Hakimpur | B33: =VLOOKUP($A33,'Growth Analysis'!A:G,2,FALSE) -> 0 | C33: =VLOOKUP(A33,'Growth Analysis'!A:G,4,FALSE) -> 1 | D33: =IFERROR((C33-B33)/B33,100%) -> 1 | E33: =VLOOKUP($A33,'Growth Analysis'!$A:$G,5,FALSE) -> 1261740 | F33: =VLOOKUP($A33,'Growth Analysis'!$A:$G,6,FALSE) -> 2373149.5 | G33: =IFERROR((F33-E33)/E33,100%) -> 0.8808546 | H33: =F33/$F$3 -> 0.0013296588 | I33: =E33/$E$3 -> 0.00078428539 | J33: 0 | K33: =VLOOKUP($A33,[1]Notes!$A:$G,3,FALSE) -> 3139952.3 | L33: =VLOOKUP($A33,[1]Notes!$A:$G,5,FALSE) -> 1883971.4 | M33: =VLOOKUP($A33,[1]Notes!$A:$G,7,FALSE) -> 2009569.5 | N33: =SUM(K33:M33) -> 7033493.2 | O33: =$O$3*H33 -> 1795039.4 | P33: =$P$3*H33 -> 1077023.6 | Q33: =$Q$3*H33 -> 1148825.2 | R33: =SUM(O33:Q33) -> 4020888.2 | S33: =R33/N33-1 -> -0.42832272 | T33: =VLOOKUP($A33,'[2]All month (2)'!$E:$Y,8,FALSE) -> 0 | U33: =VLOOKUP($A33,'[2]All month (2)'!$E:$Y,14,FALSE) -> 1846193.8 | V33: =VLOOKUP($A33,'[2]All month (2)'!$E:$Y,20,FALSE) -> 274368.6 | W33: =SUM(T33:V33) -> 2120562.4 | X33: =IFERROR((R33-W33)/W33,100%) -> 0.89614234
A34: Birampur | B34: =VLOOKUP($A34,'Growth Analysis'!A:G,2,FALSE) -> 319.362 | C34: =VLOOKUP(A34,'Growth Analysis'!A:G,4,FALSE) -> -0.79126334 | D34: =IFERROR((C34-B34)/B34,100%) -> -1.0024776 | E34: =VLOOKUP($A34,'Growth Analysis'!$A:$G,5,FALSE) -> 13171001 | F34: =VLOOKUP($A34,'Growth Analysis'!$A:$G,6,FALSE) -> 2638335.7 | G34: =IFERROR((F34-E34)/E34,100%) -> -0.79968602 | H34: =F34/$F$3 -> 0.0014782407 | I34: =E34/$E$3 -> 0.0081869669 | J34: 313.1 | K34: =VLOOKUP($A34,[1]Notes!$A:$G,3,FALSE) -> 3488835.9 | L34: =VLOOKUP($A34,[1]Notes!$A:$G,5,FALSE) -> 2093301.5 | M34: =VLOOKUP($A34,[1]Notes!$A:$G,7,FALSE) -> 2232855 | N34: =SUM(K34:M34) -> 7814992.4 | O34: =$O$3*H34 -> 1995625 | P34: =$P$3*H34 -> 1197375 | Q34: =$Q$3*H34 -> 1277200 | R34: =SUM(O34:Q34) -> 4470200 | S34: =R34/N34-1 -> -0.42799689 | T34: =VLOOKUP($A34,'[2]All month (2)'!$E:$Y,8,FALSE) -> 17626404 | U34: =VLOOKUP($A34,'[2]All month (2)'!$E:$Y,14,FALSE) -> 2143967 | V34: =VLOOKUP($A34,'[2]All month (2)'!$E:$Y,20,FALSE) -> 318621.6 | W34: =SUM(T34:V34) -> 20088993 | X34: =IFERROR((R34-W34)/W34,100%) -> -0.77748013
A35: Nawabganj_Dinajpur | B35: =VLOOKUP($A35,'Growth Analysis'!A:G,2,FALSE) -> 0 | C35: =VLOOKUP(A35,'Growth Analysis'!A:G,4,FALSE) -> 1 | D35: =IFERROR((C35-B35)/B35,100%) -> 1 | E35: =VLOOKUP($A35,'Growth Analysis'!$A:$G,5,FALSE) -> 4932628.2 | F35: =VLOOKUP($A35,'Growth Analysis'!$A:$G,6,FALSE) -> 649509 | G35: =IFERROR((F35-E35)/E35,100%) -> -0.86832395 | H35: =F35/$F$3 -> 0.00036391528 | I35: =E35/$E$3 -> 0.003066074 | J35: 0 | K35: =VLOOKUP($A35,[1]Notes!$A:$G,3,FALSE) -> 8418530.3 | L35: =VLOOKUP($A35,[1]Notes!$A:$G,5,FALSE) -> 5051118.2 | M35: =VLOOKUP($A35,[1]Notes!$A:$G,7,FALSE) -> 5387859.4 | N35: =SUM(K35:M35) -> 18857508 | O35: =$O$3*H35 -> 491285.63 | P35: =$P$3*H35 -> 294771.38 | Q35: =$Q$3*H35 -> 314422.8 | R35: =SUM(O35:Q35) -> 1100479.8 | S35: =R35/N35-1 -> -0.94164235 | T35: =VLOOKUP($A35,'[2]All month (2)'!$E:$Y,8,FALSE) -> 0 | U35: =VLOOKUP($A35,'[2]All month (2)'!$E:$Y,14,FALSE) -> 1995303.1 | V35: =VLOOKUP($A35,'[2]All month (2)'!$E:$Y,20,FALSE) -> 312069.8 | W35: =SUM(T35:V35) -> 2307372.9 | X35: =IFERROR((R35-W35)/W35,100%) -> -0.52305941
A36: Dinajpur Area | B36: =SUM(B28:B35) -> 2602.9885 | C36: =SUM(C28:C35) -> 5.9463878 | D36: =IFERROR((C36-B36)/B36,100%) -> -0.99771555 | E36: =SUM(E28:E35) -> 81239043 | F36: =SUM(F28:F35) -> 68179822 | G36: =IFERROR((F36-E36)/E36,100%) -> -0.16075055 | H36: =F36/$F$3 -> 0.03820067 | I36: =E36/$E$3 -> 0.050497404 | J36: =SUM(J28:J35) -> 2551.9495 | K36: =SUM(K28:K35) -> 57960000 | L36: =SUM(L28:L35) -> 34776000 | M36: =SUM(M28:M35) -> 37094400 | N36: =SUM(K36:M36) -> 129830400 | O36: =$O$3*H36 -> 51570905 | P36: =$P$3*H36 -> 30942543 | Q36: =$Q$3*H36 -> 33005379 | R36: =SUM(O36:Q36) -> 1.1551883e+08 | T36: =SUM(T28:T35) -> 63508484 | U36: =SUM(U28:U35) -> 30582414 | V36: =SUM(V28:V35) -> 40984440 | W36: =SUM(W28:W35) -> 135075338 | X36: =IFERROR((R36-W36)/W36,100%) -> -0.14478225
A37: Dinajpur Zone | B37: =B36+B27+B20+B12 -> 6296.2156 | C37: =C36+C27+C20+C12 -> 15.259101 | D37: =IFERROR((C37-B37)/B37,100%) -> -0.99757646 | E37: =E36+E27+E20+E12 -> 1.8929973e+08 | F37: =F36+F27+F20+F12 -> 1.792486e+08 | G37: =IFERROR((F37-E37)/E37,100%) -> -0.053096379 | H37: =F37/$F$3 -> 0.10043171 | I37: =E37/$E$3 -> 0.11766688 | J37: =J36+J27+J20+J12 -> 6172.7604 | K37: =K36+K27+K20+K12 -> 168360000 | L37: =L36+L27+L20+L12 -> 101016000 | M37: =M36+M27+M20+M12 -> 107750400 | N37: =SUM(K37:M37) -> 377126400 | O37: =$O$3*H37 -> 1.3558282e+08 | P37: =$P$3*H37 -> 81349689 | Q37: =$Q$3*H37 -> 86773002 | R37: =SUM(O37:Q37) -> 3.0370551e+08 | T37: =T36+T27+T20+T12 -> 181572479 | U37: =U36+U27+U20+U12 -> 119988341 | V37: =V36+V27+V20+V12 -> 126598751 | W37: =W36+W27+W20+W12 -> 428159571 | X37: =IFERROR((R37-W37)/W37,100%) -> -0.29067215
A38: Rangpur Sadar | B38: =VLOOKUP($A38,'Growth Analysis'!A:G,2,FALSE) -> 665.36563 | C38: =VLOOKUP(A38,'Growth Analysis'!A:G,4,FALSE) -> -0.90150975 | D38: =IFERROR((C38-B38)/B38,100%) -> -1.0013549 | E38: =VLOOKUP($A38,'Growth Analysis'!$A:$G,5,FALSE) -> 16427208 | F38: =VLOOKUP($A38,'Growth Analysis'!$A:$G,6,FALSE) -> 2725436.7 | G38: =IFERROR((F38-E38)/E38,100%) -> -0.83409009 | H38: =F38/$F$3 -> 0.0015270428 | I38: =E38/$E$3 -> 0.010210994 | J38: 652.31925 | K38: =VLOOKUP($A38,[1]Notes!$A:$G,3,FALSE) -> 5016642.5 | L38: =VLOOKUP($A38,[1]Notes!$A:$G,5,FALSE) -> 3009985.5 | M38: =VLOOKUP($A38,[1]Notes!$A:$G,7,FALSE) -> 3210651.2 | N38: =SUM(K38:M38) -> 11237279 | O38: =$O$3*H38 -> 2061507.8 | P38: =$P$3*H38 -> 1236904.7 | Q38: =$Q$3*H38 -> 1319365 | R38: =SUM(O38:Q38) -> 4617777.4 | S38: =R38/N38-1 -> -0.58906624 | T38: =VLOOKUP($A38,'[2]All month (2)'!$E:$Y,8,FALSE) -> 21885465 | U38: =VLOOKUP($A38,'[2]All month (2)'!$E:$Y,14,FALSE) -> 4981840 | V38: =VLOOKUP($A38,'[2]All month (2)'!$E:$Y,20,FALSE) -> 4902939.7 | W38: =SUM(T38:V38) -> 31770245 | X38: =IFERROR((R38-W38)/W38,100%) -> -0.85465087
A39: Badarganj | B39: =VLOOKUP($A39,'Growth Analysis'!A:G,2,FALSE) -> 0 | C39: =VLOOKUP(A39,'Growth Analysis'!A:G,4,FALSE) -> 1 | D39: =IFERROR((C39-B39)/B39,100%) -> 1 | E39: =VLOOKUP($A39,'Growth Analysis'!$A:$G,5,FALSE) -> 0 | F39: =VLOOKUP($A39,'Growth Analysis'!$A:$G,6,FALSE) -> 2881363.3 | G39: =IFERROR((F39-E39)/E39,100%) -> 1 | H39: =F39/$F$3 -> 0.0016144074 | I39: =E39/$E$3 -> 0 | J39: 0 | K39: =VLOOKUP($A39,[1]Notes!$A:$G,3,FALSE) -> 5016642.5 | L39: =VLOOKUP($A39,[1]Notes!$A:$G,5,FALSE) -> 3009985.5 | M39: =VLOOKUP($A39,[1]Notes!$A:$G,7,FALSE) -> 3210651.2 | N39: =SUM(K39:M39) -> 11237279 | O39: =$O$3*H39 -> 2179450 | P39: =$P$3*H39 -> 1307670 | Q39: =$Q$3*H39 -> 1394848 | R39: =SUM(O39:Q39) -> 4881967.9 | S39: =R39/N39-1 -> -0.56555605 | T39: =VLOOKUP($A39,'[2]All month (2)'!$E:$Y,8,FALSE) -> 0 | U39: =VLOOKUP($A39,'[2]All month (2)'!$E:$Y,14,FALSE) -> 5434734.6 | V39: =VLOOKUP($A39,'[2]All month (2)'!$E:$Y,20,FALSE) -> 5348661.5 | W39: =SUM(T39:V39) -> 10783396 | X39: =IFERROR((R39-W39)/W39,100%) -> -0.5472699
A40: Gangachara | B40: =VLOOKUP($A40,'Growth Analysis'!A:G,2,FALSE) -> 0 | C40: =VLOOKUP(A40,'Growth Analysis'!A:G,4,FALSE) -> 1 | D40: =IFERROR((C40-B40)/B40,100%) -> 1 | E40: =VLOOKUP($A40,'Growth Analysis'!$A:$G,5,FALSE) -> 0 | F40: =VLOOKUP($A40,'Growth Analysis'!$A:$G,6,FALSE) -> 2881363.3 | G40: =IFERROR((F40-E40)/E40,100%) -> 1 | H40: =F40/$F$3 -> 0.0016144074 | I40: =E40/$E$3 -> 0 | J40: 0 | K40: =VLOOKUP($A40,[1]Notes!$A:$G,3,FALSE) -> 5016642.5 | L40: =VLOOKUP($A40,[1]Notes!$A:$G,5,FALSE) -> 3009985.5 | M40: =VLOOKUP($A40,[1]Notes!$A:$G,7,FALSE) -> 3210651.2 | N40: =SUM(K40:M40) -> 11237279 | O40: =$O$3*H40 -> 2179450 | P40: =$P$3*H40 -> 1307670 | Q40: =$Q$3*H40 -> 1394848 | R40: =SUM(O40:Q40) -> 4881967.9 | S40: =R40/N40-1 -> -0.56555605 | T40: =VLOOKUP($A40,'[2]All month (2)'!$E:$Y,8,FALSE) -> 0 | U40: =VLOOKUP($A40,'[2]All month (2)'!$E:$Y,14,FALSE) -> 4679910.3 | V40: =VLOOKUP($A40,'[2]All month (2)'!$E:$Y,20,FALSE) -> 4605791.8 | W40: =SUM(T40:V40) -> 9285702.2 | X40: =IFERROR((R40-W40)/W40,100%) -> -0.47424892
A41: Pirgacha | B41: =VLOOKUP($A41,'Growth Analysis'!A:G,2,FALSE) -> 0 | C41: =VLOOKUP(A41,'Growth Analysis'!A:G,4,FALSE) -> 1 | D41: =IFERROR((C41-B41)/B41,100%) -> 1 | E41: =VLOOKUP($A41,'Growth Analysis'!$A:$G,5,FALSE) -> 51000 | F41: =VLOOKUP($A41,'Growth Analysis'!$A:$G,6,FALSE) -> 3121588.1 | G41: =IFERROR((F41-E41)/E41,100%) -> 60.207609 | H41: =F41/$F$3 -> 0.0017490036 | I41: =E41/$E$3 -> 3.1701107e-05 | J41: 0 | K41: =VLOOKUP($A41,[1]Notes!$A:$G,3,FALSE) -> 5016642.5 | L41: =VLOOKUP($A41,[1]Notes!$A:$G,5,FALSE) -> 3009985.5 | M41: =VLOOKUP($A41,[1]Notes!$A:$G,7,FALSE) -> 3210651.2 | N41: =SUM(K41:M41) -> 11237279 | O41: =$O$3*H41 -> 2361154.9 | P41: =$P$3*H41 -> 1416692.9 | Q41: =$Q$3*H41 -> 1511139.1 | R41: =SUM(O41:Q41) -> 5288986.9 | S41: =R41/N41-1 -> -0.52933563 | T41: =VLOOKUP($A41,'[2]All month (2)'!$E:$Y,8,FALSE) -> 50000 | U41: =VLOOKUP($A41,'[2]All month (2)'!$E:$Y,14,FALSE) -> 3417150 | V41: =VLOOKUP($A41,'[2]All month (2)'!$E:$Y,20,FALSE) -> 5279019.1 | W41: =SUM(T41:V41) -> 8746169.1 | X41: =IFERROR((R41-W41)/W41,100%) -> -0.39527959
A42: Ulipur | B42: =VLOOKUP($A42,'Growth Analysis'!A:G,2,FALSE) -> 0 | C42: =VLOOKUP(A42,'Growth Analysis'!A:G,4,FALSE) -> 1 | D42: =IFERROR((C42-B42)/B42,100%) -> 1 | E42: =VLOOKUP($A42,'Growth Analysis'!$A:$G,5,FALSE) -> 0 | F42: =VLOOKUP($A42,'Growth Analysis'!$A:$G,6,FALSE) -> 6386632.1 | G42: =IFERROR((F42-E42)/E42,100%) -> 1 | H42: =F42/$F$3 -> 0.0035783846 | I42: =E42/$E$3 -> 0 | J42: 0 | K42: =VLOOKUP($A42,[1]Notes!$A:$G,3,FALSE) -> 4358722.2 | L42: =VLOOKUP($A42,[1]Notes!$A:$G,5,FALSE) -> 2615233.3 | M42: =VLOOKUP($A42,[1]Notes!$A:$G,7,FALSE) -> 2789582.2 | N42: =SUM(K42:M42) -> 9763537.6 | O42: =$O$3*H42 -> 4830819.2 | P42: =$P$3*H42 -> 2898491.5 | Q42: =$Q$3*H42 -> 3091724.3 | R42: =SUM(O42:Q42) -> 10821035 | S42: =R42/N42-1 -> 0.10831088 | T42: =VLOOKUP($A42,'[2]All month (2)'!$E:$Y,8,FALSE) -> 0 | U42: =VLOOKUP($A42,'[2]All month (2)'!$E:$Y,14,FALSE) -> 1114400 | V42: =VLOOKUP($A42,'[2]All month (2)'!$E:$Y,20,FALSE) -> 1582000 | W42: =SUM(T42:V42) -> 2696400 | X42: =IFERROR((R42-W42)/W42,100%) -> 3.0131416
A43: Kurigram Sadar | B43: =VLOOKUP($A43,'Growth Analysis'!A:G,2,FALSE) -> 430.6361 | C43: =VLOOKUP(A43,'Growth Analysis'!A:G,4,FALSE) -> -0.53591366 | D43: =IFERROR((C43-B43)/B43,100%) -> -1.0012445 | E43: =VLOOKUP($A43,'Growth Analysis'!$A:$G,5,FALSE) -> 10784664 | F43: =VLOOKUP($A43,'Growth Analysis'!$A:$G,6,FALSE) -> 9902938.5 | G43: =IFERROR((F43-E43)/E43,100%) -> -0.081757342 | H43: =F43/$F$3 -> 0.0055485461 | I43: =E43/$E$3 -> 0.0067036429 | J43: 422.19225 | K43: =VLOOKUP($A43,[1]Notes!$A:$G,3,FALSE) -> 7259507.9 | L43: =VLOOKUP($A43,[1]Notes!$A:$G,5,FALSE) -> 4355704.7 | M43: =VLOOKUP($A43,[1]Notes!$A:$G,7,FALSE) -> 4646085 | N43: =SUM(K43:M43) -> 16261298 | O43: =$O$3*H43 -> 7490537.3 | P43: =$P$3*H43 -> 4494322.4 | Q43: =$Q$3*H43 -> 4793943.9 | R43: =SUM(O43:Q43) -> 16778804 | S43: =R43/N43-1 -> 0.031824388 | T43: =VLOOKUP($A43,'[2]All month (2)'!$E:$Y,8,FALSE) -> 7305870 | U43: =VLOOKUP($A43,'[2]All month (2)'!$E:$Y,14,FALSE) -> 2865600 | V43: =VLOOKUP($A43,'[2]All month (2)'!$E:$Y,20,FALSE) -> 4068000 | W43: =SUM(T43:V43) -> 14239470 | X43: =IFERROR((R43-W43)/W43,100%) -> 0.17833062
A44: Rangpur Area | B44: =SUM(B38:B43) -> 1096.0017 | C44: =SUM(C38:C43) -> 2.5625766 | D44: =IFERROR((C44-B44)/B44,100%) -> -0.99766189 | E44: =SUM(E38:E43) -> 27262872 | F44: =SUM(F38:F43) -> 27899322 | G44: =IFERROR((F44-E44)/E44,100%) -> 0.023344929 | H44: =F44/$F$3 -> 0.015631792 | I44: =E44/$E$3 -> 0.016946338 | J44: =SUM(J38:J43) -> 1074.5115 | K44: =SUM(K38:K43) -> 31684800 | L44: =SUM(L38:L43) -> 19010880 | M44: =SUM(M38:M43) -> 20278272 | N44: =SUM(K44:M44) -> 70973952 | O44: =$O$3*H44 -> 21102919 | P44: =$P$3*H44 -> 12661751 | Q44: =$Q$3*H44 -> 13505868 | R44: =SUM(O44:Q44) -> 47270539 | T44: =SUM(T38:T43) -> 29241335 | U44: =SUM(U38:U43) -> 22493635 | V44: =SUM(V38:V43) -> 25786412 | W44: =SUM(W38:W43) -> 77521382 | X44: =IFERROR((R44-W44)/W44,100%) -> -0.3902258
A45: Bhrungamari | B45: =VLOOKUP($A45,'Growth Analysis'!A:G,2,FALSE) -> 260.225 | C45: =VLOOKUP(A45,'Growth Analysis'!A:G,4,FALSE) -> -0.43024573 | D45: =IFERROR((C45-B45)/B45,100%) -> -1.0016534 | E45: =VLOOKUP($A45,'Growth Analysis'!$A:$G,5,FALSE) -> 6076141 | F45: =VLOOKUP($A45,'Growth Analysis'!$A:$G,6,FALSE) -> 6384540.6 | G45: =IFERROR((F45-E45)/E45,100%) -> 0.05075583 | H45: =F45/$F$3 -> 0.0035772128 | I45: =E45/$E$3 -> 0.0037768705 | J45: 255.12255 | K45: =VLOOKUP($A45,[1]Notes!$A:$G,3,FALSE) -> 5961600 | L45: =VLOOKUP($A45,[1]Notes!$A:$G,5,FALSE) -> 3576960 | M45: =VLOOKUP($A45,[1]Notes!$A:$G,7,FALSE) -> 3815424 | N45: =SUM(K45:M45) -> 13353984 | O45: =$O$3*H45 -> 4829237.2 | P45: =$P$3*H45 -> 2897542.3 | Q45: =$Q$3*H45 -> 3090711.8 | R45: =SUM(O45:Q45) -> 10817491 | S45: =R45/N45-1 -> -0.18994276 | T45: =VLOOKUP($A45,'[2]All month (2)'!$E:$Y,8,FALSE) -> 11643692 | U45: =VLOOKUP($A45,'[2]All month (2)'!$E:$Y,14,FALSE) -> 1600146.8 | V45: =VLOOKUP($A45,'[2]All month (2)'!$E:$Y,20,FALSE) -> 8216433.5 | W45: =SUM(T45:V45) -> 21460272 | X45: =IFERROR((R45-W45)/W45,100%) -> -0.49592943
A46: Fulbari_Kurigram | B46: =VLOOKUP($A46,'Growth Analysis'!A:G,2,FALSE) -> 0 | C46: =VLOOKUP(A46,'Growth Analysis'!A:G,4,FALSE) -> 1 | D46: =IFERROR((C46-B46)/B46,100%) -> 1 | E46: =VLOOKUP($A46,'Growth Analysis'!$A:$G,5,FALSE) -> 0 | F46: =VLOOKUP($A46,'Growth Analysis'!$A:$G,6,FALSE) -> 1189988.1 | G46: =IFERROR((F46-E46)/E46,100%) -> 1 | H46: =F46/$F$3 -> 0.00066674187 | I46: =E46/$E$3 -> 0 | J46: 0 | K46: =VLOOKUP($A46,[1]Notes!$A:$G,3,FALSE) -> 5961600 | L46: =VLOOKUP($A46,[1]Notes!$A:$G,5,FALSE) -> 3576960 | M46: =VLOOKUP($A46,[1]Notes!$A:$G,7,FALSE) -> 3815424 | N46: =SUM(K46:M46) -> 13353984 | O46: =$O$3*H46 -> 900101.52 | P46: =$P$3*H46 -> 540060.91 | Q46: =$Q$3*H46 -> 576064.97 | R46: =SUM(O46:Q46) -> 2016227.4 | S46: =R46/N46-1 -> -0.84901679 | T46: =VLOOKUP($A46,'[2]All month (2)'!$E:$Y,8,FALSE) -> 0 | U46: =VLOOKUP($A46,'[2]All month (2)'!$E:$Y,14,FALSE) -> 1600146.8 | V46: =VLOOKUP($A46,'[2]All month (2)'!$E:$Y,20,FALSE) -> 2826463.5 | W46: =SUM(T46:V46) -> 4426610.3 | X46: =IFERROR((R46-W46)/W46,100%) -> -0.54452114
A47: Nageshwari | B47: =VLOOKUP($A47,'Growth Analysis'!A:G,2,FALSE) -> 444.1641 | C47: =VLOOKUP(A47,'Growth Analysis'!A:G,4,FALSE) -> -0.51623451 | D47: =IFERROR((C47-B47)/B47,100%) -> -1.0011623 | E47: =VLOOKUP($A47,'Growth Analysis'!$A:$G,5,FALSE) -> 14740200 | F47: =VLOOKUP($A47,'Growth Analysis'!$A:$G,6,FALSE) -> 10645797 | G47: =IFERROR((F47-E47)/E47,100%) -> -0.27777121 | H47: =F47/$F$3 -> 0.0059647643 | I47: =E47/$E$3 -> 0.0091623657 | J47: 435.455 | K47: =VLOOKUP($A47,[1]Notes!$A:$G,3,FALSE) -> 6513600 | L47: =VLOOKUP($A47,[1]Notes!$A:$G,5,FALSE) -> 3908160 | M47: =VLOOKUP($A47,[1]Notes!$A:$G,7,FALSE) -> 4168704 | N47: =SUM(K47:M47) -> 14590464 | O47: =$O$3*H47 -> 8052431.8 | P47: =$P$3*H47 -> 4831459.1 | Q47: =$Q$3*H47 -> 5153556.3 | R47: =SUM(O47:Q47) -> 18037447 | S47: =R47/N47-1 -> 0.23624905 | T47: =VLOOKUP($A47,'[2]All month (2)'!$E:$Y,8,FALSE) -> 4616848 | U47: =VLOOKUP($A47,'[2]All month (2)'!$E:$Y,14,FALSE) -> 1371554.4 | V47: =VLOOKUP($A47,'[2]All month (2)'!$E:$Y,20,FALSE) -> 4309683 | W47: =SUM(T47:V47) -> 10298085 | X47: =IFERROR((R47-W47)/W47,100%) -> 0.75153405
A48: Hatibandha | B48: =VLOOKUP($A48,'Growth Analysis'!A:G,2,FALSE) -> 0 | C48: =VLOOKUP(A48,'Growth Analysis'!A:G,4,FALSE) -> 1 | D48: =IFERROR((C48-B48)/B48,100%) -> 1 | E48: =VLOOKUP($A48,'Growth Analysis'!$A:$G,5,FALSE) -> 0 | F48: =VLOOKUP($A48,'Growth Analysis'!$A:$G,6,FALSE) -> 2224203.7 | G48: =IFERROR((F48-E48)/E48,100%) -> 1 | H48: =F48/$F$3 -> 0.0012462055 | I48: =E48/$E$3 -> 0 | J48: 0 | K48: =VLOOKUP($A48,[1]Notes!$A:$G,3,FALSE) -> 3312000 | L48: =VLOOKUP($A48,[1]Notes!$A:$G,5,FALSE) -> 1987200 | M48: =VLOOKUP($A48,[1]Notes!$A:$G,7,FALSE) -> 2119680 | N48: =SUM(K48:M48) -> 7418880 | O48: =$O$3*H48 -> 1682377.5 | P48: =$P$3*H48 -> 1009426.5 | Q48: =$Q$3*H48 -> 1076721.6 | R48: =SUM(O48:Q48) -> 3768525.5 | S48: =R48/N48-1 -> -0.49203579 | T48: =VLOOKUP($A48,'[2]All month (2)'!$E:$Y,8,FALSE) -> 0 | U48: =VLOOKUP($A48,'[2]All month (2)'!$E:$Y,14,FALSE) -> 2920033.6 | V48: =VLOOKUP($A48,'[2]All month (2)'!$E:$Y,20,FALSE) -> 2093554.5 | W48: =SUM(T48:V48) -> 5013588.1 | X48: =IFERROR((R48-W48)/W48,100%) -> -0.24833764
A49: Patgram | B49: =VLOOKUP($A49,'Growth Analysis'!A:G,2,FALSE) -> 292.94324 | C49: =VLOOKUP(A49,'Growth Analysis'!A:G,4,FALSE) -> -0.79274253 | D49: =IFERROR((C49-B49)/B49,100%) -> -1.0027061 | E49: =VLOOKUP($A49,'Growth Analysis'!$A:$G,5,FALSE) -> 7107461 | F49: =VLOOKUP($A49,'Growth Analysis'!$A:$G,6,FALSE) -> 4317893.8 | G49: =IFERROR((F49-E49)/E49,100%) -> -0.39248435 | H49: =F49/$F$3 -> 0.0024192852 | I49: =E49/$E$3 -> 0.0044179291 | J49: 287.19925 | K49: =VLOOKUP($A49,[1]Notes!$A:$G,3,FALSE) -> 5078400 | L49: =VLOOKUP($A49,[1]Notes!$A:$G,5,FALSE) -> 3047040 | M49: =VLOOKUP($A49,[1]Notes!$A:$G,7,FALSE) -> 3250176 | N49: =SUM(K49:M49) -> 11375616 | O49: =$O$3*H49 -> 3266035 | P49: =$P$3*H49 -> 1959621 | Q49: =$Q$3*H49 -> 2090262.4 | R49: =SUM(O49:Q49) -> 7315918.5 | S49: =R49/N49-1 -> -0.35687716 | T49: =VLOOKUP($A49,'[2]All month (2)'!$E:$Y,8,FALSE) -> 11681106 | U49: =VLOOKUP($A49,'[2]All month (2)'!$E:$Y,14,FALSE) -> 4764265.4 | V49: =VLOOKUP($A49,'[2]All month (2)'!$E:$Y,20,FALSE) -> 3415799.5 | W49: =SUM(T49:V49) -> 19861171 | X49: =IFERROR((R49-W49)/W49,100%) -> -0.63164717
A50: Aditmari | B50: =VLOOKUP($A50,'Growth Analysis'!A:G,2,FALSE) -> 0 | C50: =VLOOKUP(A50,'Growth Analysis'!A:G,4,FALSE) -> 1 | D50: =IFERROR((C50-B50)/B50,100%) -> 1 | E50: =VLOOKUP($A50,'Growth Analysis'!$A:$G,5,FALSE) -> 0 | F50: =VLOOKUP($A50,'Growth Analysis'!$A:$G,6,FALSE) -> 1787024.1 | G50: =IFERROR((F50-E50)/E50,100%) -> 1 | H50: =F50/$F$3 -> 0.0010012569 | I50: =E50/$E$3 -> 0 | J50: 0 | K50: =VLOOKUP($A50,[1]Notes!$A:$G,3,FALSE) -> 3974400 | L50: =VLOOKUP($A50,[1]Notes!$A:$G,5,FALSE) -> 2384640 | M50: =VLOOKUP($A50,[1]Notes!$A:$G,7,FALSE) -> 2543616 | N50: =SUM(K50:M50) -> 8902656 | O50: =$O$3*H50 -> 1351696.8 | P50: =$P$3*H50 -> 811018.09 | Q50: =$Q$3*H50 -> 865085.96 | R50: =SUM(O50:Q50) -> 3027800.9 | S50: =R50/N50-1 -> -0.65989915 | T50: =VLOOKUP($A50,'[2]All month (2)'!$E:$Y,8,FALSE) -> 0 | U50: =VLOOKUP($A50,'[2]All month (2)'!$E:$Y,14,FALSE) -> 4281945.3 | V50: =VLOOKUP($A50,'[2]All month (2)'!$E:$Y,20,FALSE) -> 2776606.2 | W50: =SUM(T50:V50) -> 7058551.5 | X50: =IFERROR((R50-W50)/W50,100%) -> -0.57104501
A51: Kaliganj_Lalmonirhat | B51: =VLOOKUP($A51,'Growth Analysis'!A:G,2,FALSE) -> 0 | C51: =VLOOKUP(A51,'Growth Analysis'!A:G,4,FALSE) -> 1 | D51: =IFERROR((C51-B51)/B51,100%) -> 1 | E51: =VLOOKUP($A51,'Growth Analysis'!$A:$G,5,FALSE) -> 1020000 | F51: =VLOOKUP($A51,'Growth Analysis'!$A:$G,6,FALSE) -> 5483774.4 | G51: =IFERROR((F51-E51)/E51,100%) -> 4.3762494 | H51: =F51/$F$3 -> 0.0030725199 | I51: =E51/$E$3 -> 0.00063402214 | J51: 0 | K51: =VLOOKUP($A51,[1]Notes!$A:$G,3,FALSE) -> 5961600 | L51: =VLOOKUP($A51,[1]Notes!$A:$G,5,FALSE) -> 3576960 | M51: =VLOOKUP($A51,[1]Notes!$A:$G,7,FALSE) -> 3815424 | N51: =SUM(K51:M51) -> 13353984 | O51: =$O$3*H51 -> 4147901.8 | P51: =$P$3*H51 -> 2488741.1 | Q51: =$Q$3*H51 -> 2654657.2 | R51: =SUM(O51:Q51) -> 9291300.1 | S51: =R51/N51-1 -> -0.3042301 | T51: =VLOOKUP($A51,'[2]All month (2)'!$E:$Y,8,FALSE) -> 400000 | U51: =VLOOKUP($A51,'[2]All month (2)'!$E:$Y,14,FALSE) -> 6137454.9 | V51: =VLOOKUP($A51,'[2]All month (2)'!$E:$Y,20,FALSE) -> 3979802.2 | W51: =SUM(T51:V51) -> 10517257 | X51: =IFERROR((R51-W51)/W51,100%) -> -0.11656624
A52: Lalmonirhat Sadar | B52: =VLOOKUP($A52,'Growth Analysis'!A:G,2,FALSE) -> 493.81158 | C52: =VLOOKUP(A52,'Growth Analysis'!A:G,4,FALSE) -> -0.97436725 | D52: =IFERROR((C52-B52)/B52,100%) -> -1.0019732 | E52: =VLOOKUP($A52,'Growth Analysis'!$A:$G,5,FALSE) -> 9960168.4 | F52: =VLOOKUP($A52,'Growth Analysis'!$A:$G,6,FALSE) -> 490140 | G52: =IFERROR((F52-E52)/E52,100%) -> -0.95078999 | H52: =F52/$F$3 -> 0.00027462196 | I52: =E52/$E$3 -> 0.0061911444 | J52: 484.129 | K52: =VLOOKUP($A52,[1]Notes!$A:$G,3,FALSE) -> 4636800 | L52: =VLOOKUP($A52,[1]Notes!$A:$G,5,FALSE) -> 2782080 | M52: =VLOOKUP($A52,[1]Notes!$A:$G,7,FALSE) -> 2967552 | N52: =SUM(K52:M52) -> 10386432 | O52: =$O$3*H52 -> 370739.65 | P52: =$P$3*H52 -> 222443.79 | Q52: =$Q$3*H52 -> 237273.37 | R52: =SUM(O52:Q52) -> 830456.81 | S52: =R52/N52-1 -> -0.92004407 | T52: =VLOOKUP($A52,'[2]All month (2)'!$E:$Y,8,FALSE) -> 8785754 | U52: =VLOOKUP($A52,'[2]All month (2)'!$E:$Y,14,FALSE) -> 3853750.8 | V52: =VLOOKUP($A52,'[2]All month (2)'!$E:$Y,20,FALSE) -> 2498945.6 | W52: =SUM(T52:V52) -> 15138450 | X52: =IFERROR((R52-W52)/W52,100%) -> -0.94514255
A53: Lalmonirhat Area | B53: =SUM(B45:B52) -> 1491.1439 | C53: =SUM(C45:C52) -> 1.28641 | D53: =IFERROR((C53-B53)/B53,100%) -> -0.9991373 | E53: =SUM(E45:E52) -> 38903970 | F53: =SUM(F45:F52) -> 32523361 | G53: =IFERROR((F53-E53)/E53,100%) -> -0.1640092 | H53: =F53/$F$3 -> 0.018222608 | I53: =E53/$E$3 -> 0.024182332 | J53: =SUM(J45:J52) -> 1461.9058 | K53: =SUM(K45:K52) -> 41400000 | L53: =SUM(L45:L52) -> 24840000 | M53: =SUM(M45:M52) -> 26496000 | N53: =SUM(K53:M53) -> 92736000 | O53: =$O$3*H53 -> 24600521 | P53: =$P$3*H53 -> 14760313 | Q53: =$Q$3*H53 -> 15744334 | R53: =SUM(O53:Q53) -> 55105168 | T53: =SUM(T45:T52) -> 37127400 | U53: =SUM(U45:U52) -> 26529298 | V53: =SUM(V45:V52) -> 30117288 | W53: =SUM(W45:W52) -> 93773986 | X53: =IFERROR((R53-W53)/W53,100%) -> -0.41236189
A54: Gobindaganj | B54: =VLOOKUP($A54,'Growth Analysis'!A:G,2,FALSE) -> 735.45162 | C54: =VLOOKUP(A54,'Growth Analysis'!A:G,4,FALSE) -> -0.98279629 | D54: =IFERROR((C54-B54)/B54,100%) -> -1.0013363 | E54: =VLOOKUP($A54,'Growth Analysis'!$A:$G,5,FALSE) -> 21112924 | F54: =VLOOKUP($A54,'Growth Analysis'!$A:$G,6,FALSE) -> 8916810 | G54: =IFERROR((F54-E54)/E54,100%) -> -0.57766106 | H54: =F54/$F$3 -> 0.0049960253 | I54: =E54/$E$3 -> 0.013123589 | J54: 721.031 | K54: =VLOOKUP($A54,[1]Notes!$A:$G,3,FALSE) -> 12930143 | L54: =VLOOKUP($A54,[1]Notes!$A:$G,5,FALSE) -> 7758086 | M54: =VLOOKUP($A54,[1]Notes!$A:$G,7,FALSE) -> 8275291.7 | N54: =SUM(K54:M54) -> 28963521 | O54: =$O$3*H54 -> 6744634.2 | P54: =$P$3*H54 -> 4046780.5 | Q54: =$Q$3*H54 -> 4316565.9 | R54: =SUM(O54:Q54) -> 15107981 | S54: =R54/N54-1 -> -0.47837901 | T54: =VLOOKUP($A54,'[2]All month (2)'!$E:$Y,8,FALSE) -> 15081705 | U54: =VLOOKUP($A54,'[2]All month (2)'!$E:$Y,14,FALSE) -> 4722200 | V54: =VLOOKUP($A54,'[2]All month (2)'!$E:$Y,20,FALSE) -> 11469703 | W54: =SUM(T54:V54) -> 31273608 | X54: =IFERROR((R54-W54)/W54,100%) -> -0.51690958
A55: Palashbari | B55: =VLOOKUP($A55,'Growth Analysis'!A:G,2,FALSE) -> 0 | C55: =VLOOKUP(A55,'Growth Analysis'!A:G,4,FALSE) -> 1 | D55: =IFERROR((C55-B55)/B55,100%) -> 1 | E55: =VLOOKUP($A55,'Growth Analysis'!$A:$G,5,FALSE) -> 0 | F55: =VLOOKUP($A55,'Growth Analysis'!$A:$G,6,FALSE) -> 6109596.3 | G55: =IFERROR((F55-E55)/E55,100%) -> 1 | H55: =F55/$F$3 -> 0.0034231634 | I55: =E55/$E$3 -> 0 | J55: 0 | K55: =VLOOKUP($A55,[1]Notes!$A:$G,3,FALSE) -> 7758086 | L55: =VLOOKUP($A55,[1]Notes!$A:$G,5,FALSE) -> 4654851.6 | M55: =VLOOKUP($A55,[1]Notes!$A:$G,7,FALSE) -> 4965175 | N55: =SUM(K55:M55) -> 17378113 | O55: =$O$3*H55 -> 4621270.6 | P55: =$P$3*H55 -> 2772762.4 | Q55: =$Q$3*H55 -> 2957613.2 | R55: =SUM(O55:Q55) -> 10351646 | S55: =R55/N55-1 -> -0.40432851 | T55: =VLOOKUP($A55,'[2]All month (2)'!$E:$Y,8,FALSE) -> 0 | U55: =VLOOKUP($A55,'[2]All month (2)'!$E:$Y,14,FALSE) -> 1870638.9 | V55: =VLOOKUP($A55,'[2]All month (2)'!$E:$Y,20,FALSE) -> 2932788.4 | W55: =SUM(T55:V55) -> 4803427.3 | X55: =IFERROR((R55-W55)/W55,100%) -> 1.1550542
A56: Sundarganj | B56: =VLOOKUP($A56,'Growth Analysis'!A:G,2,FALSE) -> 0 | C56: =VLOOKUP(A56,'Growth Analysis'!A:G,4,FALSE) -> 1 | D56: =IFERROR((C56-B56)/B56,100%) -> 1 | E56: =VLOOKUP($A56,'Growth Analysis'!$A:$G,5,FALSE) -> 51000 | F56: =VLOOKUP($A56,'Growth Analysis'!$A:$G,6,FALSE) -> 6171070.5 | G56: =IFERROR((F56-E56)/E56,100%) -> 120.00138 | H56: =F56/$F$3 -> 0.003457607 | I56: =E56/$E$3 -> 3.1701107e-05 | J56: 0 | K56: =VLOOKUP($A56,[1]Notes!$A:$G,3,FALSE) -> 3879043 | L56: =VLOOKUP($A56,[1]Notes!$A:$G,5,FALSE) -> 2327425.8 | M56: =VLOOKUP($A56,[1]Notes!$A:$G,7,FALSE) -> 2482587.5 | N56: =SUM(K56:M56) -> 8689056.3 | O56: =$O$3*H56 -> 4667769.4 | P56: =$P$3*H56 -> 2800661.6 | Q56: =$Q$3*H56 -> 2987372.4 | R56: =SUM(O56:Q56) -> 10455803 | S56: =R56/N56-1 -> 0.20333015 | T56: =VLOOKUP($A56,'[2]All month (2)'!$E:$Y,8,FALSE) -> 50000 | U56: =VLOOKUP($A56,'[2]All month (2)'!$E:$Y,14,FALSE) -> 2855958.4 | V56: =VLOOKUP($A56,'[2]All month (2)'!$E:$Y,20,FALSE) -> 4399182.6 | W56: =SUM(T56:V56) -> 7305140.9 | X56: =IFERROR((R56-W56)/W56,100%) -> 0.43129386
A57: Gaibandha sadar | B57: =VLOOKUP($A57,'Growth Analysis'!A:G,2,FALSE) -> 2040.0942 | C57: =VLOOKUP(A57,'Growth Analysis'!A:G,4,FALSE) -> -0.89329521 | D57: =IFERROR((C57-B57)/B57,100%) -> -1.0004379 | E57: =VLOOKUP($A57,'Growth Analysis'!$A:$G,5,FALSE) -> 49388007 | F57: =VLOOKUP($A57,'Growth Analysis'!$A:$G,6,FALSE) -> 12815233 | G57: =IFERROR((F57-E57)/E57,100%) -> -0.74051933 | H57: =F57/$F$3 -> 0.007180284 | I57: =E57/$E$3 -> 0.030699108 | J57: 2000.0924 | K57: =VLOOKUP($A57,[1]Notes!$A:$G,3,FALSE) -> 16809186 | L57: =VLOOKUP($A57,[1]Notes!$A:$G,5,FALSE) -> 10085512 | M57: =VLOOKUP($A57,[1]Notes!$A:$G,7,FALSE) -> 10757879 | N57: =SUM(K57:M57) -> 37652577 | O57: =$O$3*H57 -> 9693383.4 | P57: =$P$3*H57 -> 5816030 | Q57: =$Q$3*H57 -> 6203765.4 | R57: =SUM(O57:Q57) -> 21713179 | S57: =R57/N57-1 -> -0.42332822 | T57: =VLOOKUP($A57,'[2]All month (2)'!$E:$Y,8,FALSE) -> 51167755 | U57: =VLOOKUP($A57,'[2]All month (2)'!$E:$Y,14,FALSE) -> 3180086.1 | V57: =VLOOKUP($A57,'[2]All month (2)'!$E:$Y,20,FALSE) -> 4985740.3 | W57: =SUM(T57:V57) -> 59333581 | X57: =IFERROR((R57-W57)/W57,100%) -> -0.63404908
A58: Saghata | B58: =VLOOKUP($A58,'Growth Analysis'!A:G,2,FALSE) -> 0 | C58: =VLOOKUP(A58,'Growth Analysis'!A:G,4,FALSE) -> 1 | D58: =IFERROR((C58-B58)/B58,100%) -> 1 | E58: =VLOOKUP($A58,'Growth Analysis'!$A:$G,5,FALSE) -> 0 | F58: =VLOOKUP($A58,'Growth Analysis'!$A:$G,6,FALSE) -> 5831105.5 | G58: =IFERROR((F58-E58)/E58,100%) -> 1 | H58: =F58/$F$3 -> 0.003267127 | I58: =E58/$E$3 -> 0 | J58: 0 | K58: =VLOOKUP($A58,[1]Notes!$A:$G,3,FALSE) -> 6477244.2 | L58: =VLOOKUP($A58,[1]Notes!$A:$G,5,FALSE) -> 3886346.5 | M58: =VLOOKUP($A58,[1]Notes!$A:$G,7,FALSE) -> 4145436.3 | N58: =SUM(K58:M58) -> 14509027 | O58: =$O$3*H58 -> 4410621.4 | P58: =$P$3*H58 -> 2646372.8 | Q58: =$Q$3*H58 -> 2822797.7 | R58: =SUM(O58:Q58) -> 9879792 | S58: =R58/N58-1 -> -0.31905895 | T58: =VLOOKUP($A58,'[2]All month (2)'!$E:$Y,8,FALSE) -> 0 | U58: =VLOOKUP($A58,'[2]All month (2)'!$E:$Y,14,FALSE) -> 2057702.8 | V58: =VLOOKUP($A58,'[2]All month (2)'!$E:$Y,20,FALSE) -> 3226067.2 | W58: =SUM(T58:V58) -> 5283770 | X58: =IFERROR((R58-W58)/W58,100%) -> 0.86983762
A59: Sadullapur | B59: =VLOOKUP($A59,'Growth Analysis'!A:G,2,FALSE) -> 0 | C59: =VLOOKUP(A59,'Growth Analysis'!A:G,4,FALSE) -> 1 | D59: =IFERROR((C59-B59)/B59,100%) -> 1 | E59: =VLOOKUP($A59,'Growth Analysis'!$A:$G,5,FALSE) -> 0 | F59: =VLOOKUP($A59,'Growth Analysis'!$A:$G,6,FALSE) -> 7398771.7 | G59: =IFERROR((F59-E59)/E59,100%) -> 1 | H59: =F59/$F$3 -> 0.0041454792 | I59: =E59/$E$3 -> 0 | J59: 0 | K59: =VLOOKUP($A59,[1]Notes!$A:$G,3,FALSE) -> 7785149.2 | L59: =VLOOKUP($A59,[1]Notes!$A:$G,5,FALSE) -> 4671089.5 | M59: =VLOOKUP($A59,[1]Notes!$A:$G,7,FALSE) -> 4982495.5 | N59: =SUM(K59:M59) -> 17438734 | O59: =$O$3*H59 -> 5596396.9 | P59: =$P$3*H59 -> 3357838.2 | Q59: =$Q$3*H59 -> 3581694 | R59: =SUM(O59:Q59) -> 12535929 | S59: =R59/N59-1 -> -0.28114455 | T59: =VLOOKUP($A59,'[2]All month (2)'!$E:$Y,8,FALSE) -> 0 | U59: =VLOOKUP($A59,'[2]All month (2)'!$E:$Y,14,FALSE) -> 2431830.6 | V59: =VLOOKUP($A59,'[2]All month (2)'!$E:$Y,20,FALSE) -> 3812624.9 | W59: =SUM(T59:V59) -> 6244455.5 | X59: =IFERROR((R59-W59)/W59,100%) -> 1.0075296
A60: Mithapukur | B60: =VLOOKUP($A60,'Growth Analysis'!A:G,2,FALSE) -> 0 | C60: =VLOOKUP(A60,'Growth Analysis'!A:G,4,FALSE) -> 1 | D60: =IFERROR((C60-B60)/B60,100%) -> 1 | E60: =VLOOKUP($A60,'Growth Analysis'!$A:$G,5,FALSE) -> 0 | F60: =VLOOKUP($A60,'Growth Analysis'!$A:$G,6,FALSE) -> 8376671 | G60: =IFERROR((F60-E60)/E60,100%) -> 1 | H60: =F60/$F$3 -> 0.0046933893 | I60: =E60/$E$3 -> 0 | J60: 0 | K60: =VLOOKUP($A60,[1]Notes!$A:$G,3,FALSE) -> 7758086 | L60: =VLOOKUP($A60,[1]Notes!$A:$G,5,FALSE) -> 4654851.6 | M60: =VLOOKUP($A60,[1]Notes!$A:$G,7,FALSE) -> 4965175 | N60: =SUM(K60:M60) -> 17378113 | O60: =$O$3*H60 -> 6336075.5 | P60: =$P$3*H60 -> 3801645.3 | Q60: =$Q$3*H60 -> 4055088.3 | R60: =SUM(O60:Q60) -> 14192809 | S60: =R60/N60-1 -> -0.18329398 | T60: =VLOOKUP($A60,'[2]All month (2)'!$E:$Y,8,FALSE) -> 0 | U60: =VLOOKUP($A60,'[2]All month (2)'!$E:$Y,14,FALSE) -> 2993022.2 | V60: =VLOOKUP($A60,'[2]All month (2)'!$E:$Y,20,FALSE) -> 4692461.4 | W60: =SUM(T60:V60) -> 7685483.7 | X60: =IFERROR((R60-W60)/W60,100%) -> 0.84670344
A61: Piganj_Rangpur | B61: =VLOOKUP($A61,'Growth Analysis'!A:G,2,FALSE) -> 0 | C61: =VLOOKUP(A61,'Growth Analysis'!A:G,4,FALSE) -> 1 | D61: =IFERROR((C61-B61)/B61,100%) -> 1 | E61: =VLOOKUP($A61,'Growth Analysis'!$A:$G,5,FALSE) -> 0 | F61: =VLOOKUP($A61,'Growth Analysis'!$A:$G,6,FALSE) -> 5114954.5 | G61: =IFERROR((F61-E61)/E61,100%) -> 1 | H61: =F61/$F$3 -> 0.0028658727 | I61: =E61/$E$3 -> 0 | J61: 0 | K61: =VLOOKUP($A61,[1]Notes!$A:$G,3,FALSE) -> 5603062.1 | L61: =VLOOKUP($A61,[1]Notes!$A:$G,5,FALSE) -> 3361837.3 | M61: =VLOOKUP($A61,[1]Notes!$A:$G,7,FALSE) -> 3585959.7 | N61: =SUM(K61:M61) -> 12550859 | O61: =$O$3*H61 -> 3868928.1 | P61: =$P$3*H61 -> 2321356.9 | Q61: =$Q$3*H61 -> 2476114 | R61: =SUM(O61:Q61) -> 8666399 | S61: =R61/N61-1 -> -0.30949755 | X61: =IFERROR((R61-W61)/W61,100%) -> 1
A62: Gaibandha Area | B62: =SUM(B54:B61) -> 2775.5458 | C62: =SUM(C54:C61) -> 4.1239085 | D62: =IFERROR((C62-B62)/B62,100%) -> -0.9985142 | E62: =SUM(E54:E61) -> 70551931 | F62: =SUM(F54:F61) -> 60734212 | G62: =IFERROR((F62-E62)/E62,100%) -> -0.13915591 | H62: =F62/$F$3 -> 0.034028948 | I62: =E62/$E$3 -> 0.043854398 | J62: =SUM(J54:J61) -> 2721.1233 | K62: =SUM(K54:K61) -> 69000000 | L62: =SUM(L54:L61) -> 41400000 | M62: =SUM(M54:M61) -> 44160000 | N62: =SUM(K62:M62) -> 154560000 | O62: =$O$3*H62 -> 45939080 | P62: =$P$3*H62 -> 27563448 | Q62: =$Q$3*H62 -> 29401011 | R62: =SUM(O62:Q62) -> 1.0290354e+08 | T62: =SUM(T54:T61) -> 66299460 | U62: =SUM(U54:U61) -> 20111439 | V62: =SUM(V54:V61) -> 35518568 | W62: =SUM(W54:W61) -> 1.2192947e+08 | X62: =IFERROR((R62-W62)/W62,100%) -> -0.15604045
A63: Rangpur Zone | B63: =B62+B53+B44 -> 5362.6915 | C63: =C62+C53+C44 -> 7.9728951 | D63: =IFERROR((C63-B63)/B63,100%) -> -0.99851327 | E63: =E62+E53+E44 -> 1.3671877e+08 | F63: =F62+F53+F44 -> 1.211569e+08 | G63: =IFERROR((F63-E63)/E63,100%) -> -0.113824 | H63: =F63/$F$3 -> 0.067883348 | I63: =E63/$E$3 -> 0.084983068 | J63: =J62+J53+J44 -> 5257.5407 | K63: =K62+K53+K44 -> 142084800 | L63: =L62+L53+L44 -> 85250880 | M63: =M62+M53+M44 -> 90934272 | N63: =SUM(K63:M63) -> 318269952 | O63: =$O$3*H63 -> 91642520 | P63: =$P$3*H63 -> 54985512 | Q63: =$Q$3*H63 -> 58651213 | R63: =SUM(O63:Q63) -> 2.0527924e+08 | T63: =T62+T53+T44 -> 1.3266819e+08 | U63: =U62+U53+U44 -> 69134372 | V63: =V62+V53+V44 -> 91422268 | W63: =W62+W53+W44 -> 2.9322483e+08 | X63: =IFERROR((R63-W63)/W63,100%) -> -0.29992545
A64: Panchbibi | B64: =VLOOKUP($A64,'Growth Analysis'!A:G,2,FALSE) -> 625.97349 | C64: =VLOOKUP(A64,'Growth Analysis'!A:G,4,FALSE) -> -0.56280182 | D64: =IFERROR((C64-B64)/B64,100%) -> -1.0008991 | E64: =VLOOKUP($A64,'Growth Analysis'!$A:$G,5,FALSE) -> 19590469 | F64: =VLOOKUP($A64,'Growth Analysis'!$A:$G,6,FALSE) -> 13999018 | G64: =IFERROR((F64-E64)/E64,100%) -> -0.28541689 | H64: =F64/$F$3 -> 0.0078435504 | I64: =E64/$E$3 -> 0.012177246 | J64: 613.6995 | K64: =VLOOKUP($A64,[1]Notes!$A:$G,3,FALSE) -> 8323809.5 | L64: =VLOOKUP($A64,[1]Notes!$A:$G,5,FALSE) -> 4994285.7 | M64: =VLOOKUP($A64,[1]Notes!$A:$G,7,FALSE) -> 5327238.1 | N64: =SUM(K64:M64) -> 18645333 | O64: =$O$3*H64 -> 10588793 | P64: =$P$3*H64 -> 6353275.9 | Q64: =$Q$3*H64 -> 6776827.6 | R64: =SUM(O64:Q64) -> 23718897 | S64: =N64/R64-1 -> -0.21390385 | T64: =VLOOKUP($A64,'[2]All month (2)'!$E:$Y,8,FALSE) -> 17850001 | U64: =VLOOKUP($A64,'[2]All month (2)'!$E:$Y,14,FALSE) -> 3319047.6 | V64: =VLOOKUP($A64,'[2]All month (2)'!$E:$Y,20,FALSE) -> 6502768.8 | W64: =SUM(T64:V64) -> 27671817 | X64: =IFERROR((R64-W64)/W64,100%) -> -0.14285006
A65: Jaypurhat | B65: =VLOOKUP($A65,'Growth Analysis'!A:G,2,FALSE) -> 0 | C65: =VLOOKUP(A65,'Growth Analysis'!A:G,4,FALSE) -> 1 | D65: =IFERROR((C65-B65)/B65,100%) -> 1 | E65: =VLOOKUP($A65,'Growth Analysis'!$A:$G,5,FALSE) -> 0 | F65: =VLOOKUP($A65,'Growth Analysis'!$A:$G,6,FALSE) -> 6997169.3 | G65: =IFERROR((F65-E65)/E65,100%) -> 1 | H65: =F65/$F$3 -> 0.0039204643 | I65: =E65/$E$3 -> 0 | J65: 0 | K65: =VLOOKUP($A65,[1]Notes!$A:$G,3,FALSE) -> 3942857.1 | L65: =VLOOKUP($A65,[1]Notes!$A:$G,5,FALSE) -> 2365714.3 | M65: =VLOOKUP($A65,[1]Notes!$A:$G,7,FALSE) -> 2523428.6 | N65: =SUM(K65:M65) -> 8832000 | O65: =$O$3*H65 -> 5292626.8 | P65: =$P$3*H65 -> 3175576.1 | Q65: =$Q$3*H65 -> 3387281.1 | R65: =SUM(O65:Q65) -> 11855484 | S65: =R65/N65-1 -> 0.34233287 | T65: =VLOOKUP($A65,'[2]All month (2)'!$E:$Y,8,FALSE) -> 0 | U65: =VLOOKUP($A65,'[2]All month (2)'!$E:$Y,14,FALSE) -> 1709812.4 | V65: =VLOOKUP($A65,'[2]All month (2)'!$E:$Y,20,FALSE) -> 3349911.2 | W65: =SUM(T65:V65) -> 5059723.6 | X65: =IFERROR((R65-W65)/W65,100%) -> 1.343109
A66: Dhamoirhat | B66: =VLOOKUP($A66,'Growth Analysis'!A:G,2,FALSE) -> 209.4315 | C66: =VLOOKUP(A66,'Growth Analysis'!A:G,4,FALSE) -> -0.094527507 | D66: =IFERROR((C66-B66)/B66,100%) -> -1.0004514 | E66: =VLOOKUP($A66,'Growth Analysis'!$A:$G,5,FALSE) -> 5480215.2 | F66: =VLOOKUP($A66,'Growth Analysis'!$A:$G,6,FALSE) -> 8884301 | G66: =IFERROR((F66-E66)/E66,100%) -> 0.62115914 | H66: =F66/$F$3 -> 0.0049778107 | I66: =E66/$E$3 -> 0.0034064488 | J66: 205.325 | K66: =VLOOKUP($A66,[1]Notes!$A:$G,3,FALSE) -> 5549206.3 | L66: =VLOOKUP($A66,[1]Notes!$A:$G,5,FALSE) -> 3329523.8 | M66: =VLOOKUP($A66,[1]Notes!$A:$G,7,FALSE) -> 3551492.1 | N66: =SUM(K66:M66) -> 12430222 | O66: =$O$3*H66 -> 6720044.5 | P66: =$P$3*H66 -> 4032026.7 | Q66: =$Q$3*H66 -> 4300828.5 | R66: =SUM(O66:Q66) -> 15052900 | S66: =R66/N66-1 -> 0.210992 | T66: =VLOOKUP($A66,'[2]All month (2)'!$E:$Y,8,FALSE) -> 5001600 | U66: =VLOOKUP($A66,'[2]All month (2)'!$E:$Y,14,FALSE) -> 2847932 | V66: =VLOOKUP($A66,'[2]All month (2)'!$E:$Y,20,FALSE) -> 2325893 | W66: =SUM(T66:V66) -> 10175425 | X66: =IFERROR((R66-W66)/W66,100%) -> 0.47933866
A67: Naogaon Sadar | B67: =VLOOKUP($A67,'Growth Analysis'!A:G,2,FALSE) -> 135.44045 | C67: =VLOOKUP(A67,'Growth Analysis'!A:G,4,FALSE) -> 0.22369136 | D67: =IFERROR((C67-B67)/B67,100%) -> -0.99834842 | E67: =VLOOKUP($A67,'Growth Analysis'!$A:$G,5,FALSE) -> 3119160 | F67: =VLOOKUP($A67,'Growth Analysis'!$A:$G,6,FALSE) -> 7416675 | G67: =IFERROR((F67-E67)/E67,100%) -> 1.3777796 | H67: =F67/$F$3 -> 0.0041555103 | I67: =E67/$E$3 -> 0.0019388397 | J67: 132.78475 | K67: =VLOOKUP($A67,[1]Notes!$A:$G,3,FALSE) -> 4380952.4 | L67: =VLOOKUP($A67,[1]Notes!$A:$G,5,FALSE) -> 2628571.4 | M67: =VLOOKUP($A67,[1]Notes!$A:$G,7,FALSE) -> 2803809.5 | N67: =SUM(K67:M67) -> 9813333.3 | O67: =$O$3*H67 -> 5609938.9 | P67: =$P$3*H67 -> 3365963.4 | Q67: =$Q$3*H67 -> 3590360.9 | R67: =SUM(O67:Q67) -> 12566263 | S67: =R67/N67-1 -> 0.28052954 | T67: =VLOOKUP($A67,'[2]All month (2)'!$E:$Y,8,FALSE) -> 2961960 | U67: =VLOOKUP($A67,'[2]All month (2)'!$E:$Y,14,FALSE) -> 1786400 | V67: =VLOOKUP($A67,'[2]All month (2)'!$E:$Y,20,FALSE) -> 2551000 | W67: =SUM(T67:V67) -> 7299360 | X67: =IFERROR((R67-W67)/W67,100%) -> 0.72155685
A68: Raninagar | B68: =VLOOKUP($A68,'Growth Analysis'!A:G,2,FALSE) -> 372.48375 | C68: =VLOOKUP(A68,'Growth Analysis'!A:G,4,FALSE) -> -0.38680201 | D68: =IFERROR((C68-B68)/B68,100%) -> -1.0010384 | E68: =VLOOKUP($A68,'Growth Analysis'!$A:$G,5,FALSE) -> 9816480 | F68: =VLOOKUP($A68,'Growth Analysis'!$A:$G,6,FALSE) -> 10339341 | G68: =IFERROR((F68-E68)/E68,100%) -> 0.053263548 | H68: =F68/$F$3 -> 0.0057930591 | I68: =E68/$E$3 -> 0.0061018291 | J68: 365.18015 | K68: =VLOOKUP($A68,[1]Notes!$A:$G,3,FALSE) -> 7009523.8 | L68: =VLOOKUP($A68,[1]Notes!$A:$G,5,FALSE) -> 4205714.3 | M68: =VLOOKUP($A68,[1]Notes!$A:$G,7,FALSE) -> 4486095.2 | N68: =SUM(K68:M68) -> 15701333 | O68: =$O$3*H68 -> 7820629.8 | P68: =$P$3*H68 -> 4692377.9 | Q68: =$Q$3*H68 -> 5005203 | R68: =SUM(O68:Q68) -> 17518211 | S68: =R68/N68-1 -> 0.11571484 | T68: =VLOOKUP($A68,'[2]All month (2)'!$E:$Y,8,FALSE) -> 6298000 | U68: =VLOOKUP($A68,'[2]All month (2)'!$E:$Y,14,FALSE) -> 4000000 | V68: =VLOOKUP($A68,'[2]All month (2)'!$E:$Y,20,FALSE) -> 3705000 | W68: =SUM(T68:V68) -> 14003000 | X68: =IFERROR((R68-W68)/W68,100%) -> 0.25103268
A69: Patnitala | B69: =VLOOKUP($A69,'Growth Analysis'!A:G,2,FALSE) -> 1313.5504 | C69: =VLOOKUP(A69,'Growth Analysis'!A:G,4,FALSE) -> -0.69251 | D69: =IFERROR((C69-B69)/B69,100%) -> -1.0005272 | E69: =VLOOKUP($A69,'Growth Analysis'!$A:$G,5,FALSE) -> 63328602 | F69: =VLOOKUP($A69,'Growth Analysis'!$A:$G,6,FALSE) -> 13351233 | G69: =IFERROR((F69-E69)/E69,100%) -> -0.78917531 | H69: =F69/$F$3 -> 0.007480601 | I69: =E69/$E$3 -> 0.039364447 | J69: 1287.7945 | K69: =VLOOKUP($A69,[1]Notes!$A:$G,3,FALSE) -> 7301587.3 | L69: =VLOOKUP($A69,[1]Notes!$A:$G,5,FALSE) -> 4380952.4 | M69: =VLOOKUP($A69,[1]Notes!$A:$G,7,FALSE) -> 4673015.9 | N69: =SUM(K69:M69) -> 16355556 | O69: =$O$3*H69 -> 10098811 | P69: =$P$3*H69 -> 6059286.8 | Q69: =$Q$3*H69 -> 6463239.3 | R69: =SUM(O69:Q69) -> 22621337 | S69: =N69/R69-1 -> -0.27698548 | T69: =VLOOKUP($A69,'[2]All month (2)'!$E:$Y,8,FALSE) -> 34345602 | U69: =VLOOKUP($A69,'[2]All month (2)'!$E:$Y,14,FALSE) -> 4932434.4 | V69: =VLOOKUP($A69,'[2]All month (2)'!$E:$Y,20,FALSE) -> 5537549.4 | W69: =SUM(T69:V69) -> 44815586 | X69: =IFERROR((R69-W69)/W69,100%) -> -0.49523504
A70: Mohadevpur | B70: =VLOOKUP($A70,'Growth Analysis'!A:G,2,FALSE) -> 0 | C70: =VLOOKUP(A70,'Growth Analysis'!A:G,4,FALSE) -> 1 | D70: =IFERROR((C70-B70)/B70,100%) -> 1 | E70: =VLOOKUP($A70,'Growth Analysis'!$A:$G,5,FALSE) -> 0 | F70: =VLOOKUP($A70,'Growth Analysis'!$A:$G,6,FALSE) -> 18125748 | G70: =IFERROR((F70-E70)/E70,100%) -> 1 | H70: =F70/$F$3 -> 0.010155728 | I70: =E70/$E$3 -> 0 | J70: 0 | K70: =VLOOKUP($A70,[1]Notes!$A:$G,3,FALSE) -> 10222222 | L70: =VLOOKUP($A70,[1]Notes!$A:$G,5,FALSE) -> 6133333.3 | M70: =VLOOKUP($A70,[1]Notes!$A:$G,7,FALSE) -> 6542222.2 | N70: =SUM(K70:M70) -> 22897778 | O70: =$O$3*H70 -> 13710233 | P70: =$P$3*H70 -> 8226139.5 | Q70: =$Q$3*H70 -> 8774548.8 | R70: =SUM(O70:Q70) -> 30710921 | S70: =R70/N70-1 -> 0.3412184 | T70: =VLOOKUP($A70,'[2]All month (2)'!$E:$Y,8,FALSE) -> 0 | U70: =VLOOKUP($A70,'[2]All month (2)'!$E:$Y,14,FALSE) -> 6238078.8 | V70: =VLOOKUP($A70,'[2]All month (2)'!$E:$Y,20,FALSE) -> 7003371.3 | W70: =SUM(T70:V70) -> 13241450 | X70: =IFERROR((R70-W70)/W70,100%) -> 1.3193019
A71: Porsha | B71: =VLOOKUP($A71,'Growth Analysis'!A:G,2,FALSE) -> 0 | C71: =VLOOKUP(A71,'Growth Analysis'!A:G,4,FALSE) -> 1 | D71: =IFERROR((C71-B71)/B71,100%) -> 1 | E71: =VLOOKUP($A71,'Growth Analysis'!$A:$G,5,FALSE) -> 0 | F71: =VLOOKUP($A71,'Growth Analysis'!$A:$G,6,FALSE) -> 4277708.4 | G71: =IFERROR((F71-E71)/E71,100%) -> 1 | H71: =F71/$F$3 -> 0.0023967696 | I71: =E71/$E$3 -> 0 | J71: 0 | K71: =VLOOKUP($A71,[1]Notes!$A:$G,3,FALSE) -> 3796825.4 | L71: =VLOOKUP($A71,[1]Notes!$A:$G,5,FALSE) -> 2278095.2 | M71: =VLOOKUP($A71,[1]Notes!$A:$G,7,FALSE) -> 2429968.3 | N71: =SUM(K71:M71) -> 8504888.9 | O71: =$O$3*H71 -> 3235639 | P71: =$P$3*H71 -> 1941383.4 | Q71: =$Q$3*H71 -> 2070809 | R71: =SUM(O71:Q71) -> 7247831.4 | S71: =R71/N71-1 -> -0.14780411 | X71: =IFERROR((R71-W71)/W71,100%) -> 1
A72: Sapahar | B72: =VLOOKUP($A72,'Growth Analysis'!A:G,2,FALSE) -> 0 | C72: =VLOOKUP(A72,'Growth Analysis'!A:G,4,FALSE) -> 1 | D72: =IFERROR((C72-B72)/B72,100%) -> 1 | E72: =VLOOKUP($A72,'Growth Analysis'!$A:$G,5,FALSE) -> 0 | F72: =VLOOKUP($A72,'Growth Analysis'!$A:$G,6,FALSE) -> 6005223 | G72: =IFERROR((F72-E72)/E72,100%) -> 1 | H72: =F72/$F$3 -> 0.0033646838 | I72: =E72/$E$3 -> 0 | J72: 0 | K72: =VLOOKUP($A72,[1]Notes!$A:$G,3,FALSE) -> 4673015.9 | L72: =VLOOKUP($A72,[1]Notes!$A:$G,5,FALSE) -> 2803809.5 | M72: =VLOOKUP($A72,[1]Notes!$A:$G,7,FALSE) -> 2990730.2 | N72: =SUM(K72:M72) -> 10467556 | O72: =$O$3*H72 -> 4542323.1 | P72: =$P$3*H72 -> 2725393.9 | Q72: =$Q$3*H72 -> 2907086.8 | R72: =SUM(O72:Q72) -> 10174804 | S72: =R72/N72-1 -> -0.027967538 | T72: =VLOOKUP($A72,'[2]All month (2)'!$E:$Y,8,FALSE) -> 0 | U72: =VLOOKUP($A72,'[2]All month (2)'!$E:$Y,14,FALSE) -> 3336646.8 | V72: =VLOOKUP($A72,'[2]All month (2)'!$E:$Y,20,FALSE) -> 3745989.3 | W72: =SUM(T72:V72) -> 7082636.1 | X72: =IFERROR((R72-W72)/W72,100%) -> 0.4365843
A73: Naogaon Area | B73: =SUM(B64:B72) -> 2656.8796 | C73: =SUM(C64:C72) -> 2.48705 | D73: =IFERROR((C73-B73)/B73,100%) -> -0.99906392 | E73: =SUM(E64:E72) -> 1.0133493e+08 | F73: =SUM(F64:F72) -> 89396416 | G73: =IFERROR((F73-E73)/E73,100%) -> -0.11781239 | H73: =F73/$F$3 -> 0.050088177 | I73: =E73/$E$3 -> 0.062988811 | J73: =SUM(J64:J72) -> 2604.7839 | K73: =SUM(K64:K72) -> 55200000 | L73: =SUM(L64:L72) -> 33120000 | M73: =SUM(M64:M72) -> 35328000 | N73: =SUM(K73:M73) -> 123648000 | O73: =$O$3*H73 -> 67619039 | P73: =$P$3*H73 -> 40571423 | Q73: =$Q$3*H73 -> 43276185 | R73: =SUM(O73:Q73) -> 1.5146665e+08 | T73: =SUM(T64:T72) -> 66457163 | U73: =SUM(U64:U72) -> 28170352 | V73: =SUM(V64:V72) -> 34721483 | W73: =SUM(W64:W72) -> 1.29349e+08 | X73: =IFERROR((R73-W73)/W73,100%) -> 0.17099204
A74: Bogura Sadar | B74: =VLOOKUP($A74,'Growth Analysis'!A:G,2,FALSE) -> 333.18188 | C74: =VLOOKUP(A74,'Growth Analysis'!A:G,4,FALSE) -> -0.37779944 | D74: =IFERROR((C74-B74)/B74,100%) -> -1.0011339 | E74: =VLOOKUP($A74,'Growth Analysis'!$A:$G,5,FALSE) -> 12309860 | F74: =VLOOKUP($A74,'Growth Analysis'!$A:$G,6,FALSE) -> 8555382 | G74: =IFERROR((F74-E74)/E74,100%) -> -0.30499761 | H74: =F74/$F$3 -> 0.0047935198 | I74: =E74/$E$3 -> 0.0076516899 | J74: 326.6489 | K74: =VLOOKUP($A74,[1]Notes!$A:$G,3,FALSE) -> 5404482.1 | L74: =VLOOKUP($A74,[1]Notes!$A:$G,5,FALSE) -> 3242689.3 | M74: =VLOOKUP($A74,[1]Notes!$A:$G,7,FALSE) -> 3458868.6 | N74: =SUM(K74:M74) -> 12106040 | O74: =$O$3*H74 -> 6471251.7 | P74: =$P$3*H74 -> 3882751 | Q74: =$Q$3*H74 -> 4141601.1 | R74: =SUM(O74:Q74) -> 14495604 | S74: =R74/N74-1 -> 0.19738608 | T74: =VLOOKUP($A74,'[2]All month (2)'!$E:$Y,8,FALSE) -> 6806050 | U74: =VLOOKUP($A74,'[2]All month (2)'!$E:$Y,14,FALSE) -> 1904000 | V74: =VLOOKUP($A74,'[2]All month (2)'!$E:$Y,20,FALSE) -> 4714310 | W74: =SUM(T74:V74) -> 13424360 | X74: =IFERROR((R74-W74)/W74,100%) -> 0.079798496
A75: Sonatala | B75: =VLOOKUP($A75,'Growth Analysis'!A:G,2,FALSE) -> 0 | C75: =VLOOKUP(A75,'Growth Analysis'!A:G,4,FALSE) -> 1 | D75: =IFERROR((C75-B75)/B75,100%) -> 1 | E75: =VLOOKUP($A75,'Growth Analysis'!$A:$G,5,FALSE) -> 0 | F75: =VLOOKUP($A75,'Growth Analysis'!$A:$G,6,FALSE) -> 4552286.7 | G75: =IFERROR((F75-E75)/E75,100%) -> 1 | H75: =F75/$F$3 -> 0.0025506139 | I75: =E75/$E$3 -> 0 | J75: 0 | K75: =VLOOKUP($A75,[1]Notes!$A:$G,3,FALSE) -> 3377801.3 | L75: =VLOOKUP($A75,[1]Notes!$A:$G,5,FALSE) -> 2026680.8 | M75: =VLOOKUP($A75,[1]Notes!$A:$G,7,FALSE) -> 2161792.8 | N75: =SUM(K75:M75) -> 7566275 | O75: =$O$3*H75 -> 3443328.8 | P75: =$P$3*H75 -> 2065997.3 | Q75: =$Q$3*H75 -> 2203730.4 | R75: =SUM(O75:Q75) -> 7713056.5 | S75: =R75/N75-1 -> 0.019399445 | T75: =VLOOKUP($A75,'[2]All month (2)'!$E:$Y,8,FALSE) -> 0 | U75: =VLOOKUP($A75,'[2]All month (2)'!$E:$Y,14,FALSE) -> 2812800 | V75: =VLOOKUP($A75,'[2]All month (2)'!$E:$Y,20,FALSE) -> 3160950 | W75: =SUM(T75:V75) -> 5973750 | X75: =IFERROR((R75-W75)/W75,100%) -> 0.29115823
A76: Shibganj_Bogura | B76: =VLOOKUP($A76,'Growth Analysis'!A:G,2,FALSE) -> 406.45342 | C76: =VLOOKUP(A76,'Growth Analysis'!A:G,4,FALSE) -> -0.37644295 | D76: =IFERROR((C76-B76)/B76,100%) -> -1.0009262 | E76: =VLOOKUP($A76,'Growth Analysis'!$A:$G,5,FALSE) -> 13853538 | F76: =VLOOKUP($A76,'Growth Analysis'!$A:$G,6,FALSE) -> 12390644 | G76: =IFERROR((F76-E76)/E76,100%) -> -0.10559717 | H76: =F76/$F$3 -> 0.0069423896 | I76: =E76/$E$3 -> 0.0086112253 | J76: 398.48375 | K76: =VLOOKUP($A76,[1]Notes!$A:$G,3,FALSE) -> 8059200 | L76: =VLOOKUP($A76,[1]Notes!$A:$G,5,FALSE) -> 4835520 | M76: =VLOOKUP($A76,[1]Notes!$A:$G,7,FALSE) -> 5157888 | N76: =SUM(K76:M76) -> 18052608 | O76: =$O$3*H76 -> 9372226 | P76: =$P$3*H76 -> 5623335.6 | Q76: =$Q$3*H76 -> 5998224.6 | R76: =SUM(O76:Q76) -> 20993786 | S76: =R76/N76-1 -> 0.16292262 | T76: =VLOOKUP($A76,'[2]All month (2)'!$E:$Y,8,FALSE) -> 9691000 | U76: =VLOOKUP($A76,'[2]All month (2)'!$E:$Y,14,FALSE) -> 2812800 | V76: =VLOOKUP($A76,'[2]All month (2)'!$E:$Y,20,FALSE) -> 3160950 | W76: =SUM(T76:V76) -> 15664750 | X76: =IFERROR((R76-W76)/W76,100%) -> 0.34019287
A77: Sherpur_Bogura | B77: =VLOOKUP($A77,'Growth Analysis'!A:G,2,FALSE) -> 429.21855 | C77: =VLOOKUP(A77,'Growth Analysis'!A:G,4,FALSE) -> -0.3243931 | D77: =IFERROR((C77-B77)/B77,100%) -> -1.0007558 | E77: =VLOOKUP($A77,'Growth Analysis'!$A:$G,5,FALSE) -> 21142670 | F77: =VLOOKUP($A77,'Growth Analysis'!$A:$G,6,FALSE) -> 17229093 | G77: =IFERROR((F77-E77)/E77,100%) -> -0.18510326 | H77: =F77/$F$3 -> 0.0096533384 | I77: =E77/$E$3 -> 0.013142079 | J77: 420.8025 | K77: =VLOOKUP($A77,[1]Notes!$A:$G,3,FALSE) -> 8782283.4 | L77: =VLOOKUP($A77,[1]Notes!$A:$G,5,FALSE) -> 5269370.1 | M77: =VLOOKUP($A77,[1]Notes!$A:$G,7,FALSE) -> 5620661.4 | N77: =SUM(K77:M77) -> 19672315 | O77: =$O$3*H77 -> 13032007 | P77: =$P$3*H77 -> 7819204.1 | Q77: =$Q$3*H77 -> 8340484.4 | R77: =SUM(O77:Q77) -> 29191695 | S77: =R77/N77-1 -> 0.48389732 | T77: =VLOOKUP($A77,'[2]All month (2)'!$E:$Y,8,FALSE) -> 11258080 | U77: =VLOOKUP($A77,'[2]All month (2)'!$E:$Y,14,FALSE) -> 6093740 | V77: =VLOOKUP($A77,'[2]All month (2)'!$E:$Y,20,FALSE) -> 7819682 | W77: =SUM(T77:V77) -> 25171502 | X77: =IFERROR((R77-W77)/W77,100%) -> 0.1597121
A78: Dupchanchia | B78: =VLOOKUP($A78,'Growth Analysis'!A:G,2,FALSE) -> 577.92461 | C78: =VLOOKUP(A78,'Growth Analysis'!A:G,4,FALSE) -> -0.56013159 | D78: =IFERROR((C78-B78)/B78,100%) -> -1.0009692 | E78: =VLOOKUP($A78,'Growth Analysis'!$A:$G,5,FALSE) -> 15961776 | F78: =VLOOKUP($A78,'Growth Analysis'!$A:$G,6,FALSE) -> 12504519 | G78: =IFERROR((F78-E78)/E78,100%) -> -0.21659599 | H78: =F78/$F$3 -> 0.0070061934 | I78: =E78/$E$3 -> 0.0099216857 | J78: 566.59275 | K78: =VLOOKUP($A78,[1]Notes!$A:$G,3,FALSE) -> 9825600 | L78: =VLOOKUP($A78,[1]Notes!$A:$G,5,FALSE) -> 5895360 | M78: =VLOOKUP($A78,[1]Notes!$A:$G,7,FALSE) -> 6288384 | N78: =SUM(K78:M78) -> 22009344 | O78: =$O$3*H78 -> 9458361 | P78: =$P$3*H78 -> 5675016.6 | Q78: =$Q$3*H78 -> 6053351.1 | R78: =SUM(O78:Q78) -> 21186729 | S78: =R78/N78-1 -> -0.03737573 | T78: =VLOOKUP($A78,'[2]All month (2)'!$E:$Y,8,FALSE) -> 13710475 | U78: =VLOOKUP($A78,'[2]All month (2)'!$E:$Y,14,FALSE) -> 2745300 | V78: =VLOOKUP($A78,'[2]All month (2)'!$E:$Y,20,FALSE) -> 4230000 | W78: =SUM(T78:V78) -> 20685775 | X78: =IFERROR((R78-W78)/W78,100%) -> 0.024217304
A79: Kahaloo | B79: =VLOOKUP($A79,'Growth Analysis'!A:G,2,FALSE) -> 49.1589 | C79: =VLOOKUP(A79,'Growth Analysis'!A:G,4,FALSE) -> 1.8310906 | D79: =IFERROR((C79-B79)/B79,100%) -> -0.9627516 | E79: =VLOOKUP($A79,'Growth Analysis'!$A:$G,5,FALSE) -> 1455467.6 | F79: =VLOOKUP($A79,'Growth Analysis'!$A:$G,6,FALSE) -> 9454325 | G79: =IFERROR((F79-E79)/E79,100%) -> 5.4957304 | H79: =F79/$F$3 -> 0.0052971911 | I79: =E79/$E$3 -> 0.00090470458 | J79: 48.195 | K79: =VLOOKUP($A79,[1]Notes!$A:$G,3,FALSE) -> 7768943 | L79: =VLOOKUP($A79,[1]Notes!$A:$G,5,FALSE) -> 4661365.8 | M79: =VLOOKUP($A79,[1]Notes!$A:$G,7,FALSE) -> 4972123.5 | N79: =SUM(K79:M79) -> 17402432 | O79: =$O$3*H79 -> 7151208 | P79: =$P$3*H79 -> 4290724.8 | Q79: =$Q$3*H79 -> 4576773.1 | R79: =SUM(O79:Q79) -> 16018706 | S79: =R79/N79-1 -> -0.079513394 | T79: =VLOOKUP($A79,'[2]All month (2)'!$E:$Y,8,FALSE) -> 0 | U79: =VLOOKUP($A79,'[2]All month (2)'!$E:$Y,14,FALSE) -> 1830200 | V79: =VLOOKUP($A79,'[2]All month (2)'!$E:$Y,20,FALSE) -> 2820000 | W79: =SUM(T79:V79) -> 4650200 | X79: =IFERROR((R79-W79)/W79,100%) -> 2.4447348
A80: Akkelpur | B80: =VLOOKUP($A80,'Growth Analysis'!A:G,2,FALSE) -> 0 | C80: =VLOOKUP(A80,'Growth Analysis'!A:G,4,FALSE) -> 1 | D80: =IFERROR((C80-B80)/B80,100%) -> 1 | E80: =VLOOKUP($A80,'Growth Analysis'!$A:$G,5,FALSE) -> 0 | F80: =VLOOKUP($A80,'Growth Analysis'!$A:$G,6,FALSE) -> 4626521 | G80: =IFERROR((F80-E80)/E80,100%) -> 1 | H80: =F80/$F$3 -> 0.0025922068 | I80: =E80/$E$3 -> 0 | J80: 0 | K80: =VLOOKUP($A80,[1]Notes!$A:$G,3,FALSE) -> 3377801.3 | L80: =VLOOKUP($A80,[1]Notes!$A:$G,5,FALSE) -> 2026680.8 | M80: =VLOOKUP($A80,[1]Notes!$A:$G,7,FALSE) -> 2161792.8 | N80: =SUM(K80:M80) -> 7566275 | O80: =$O$3*H80 -> 3499479.2 | P80: =$P$3*H80 -> 2099687.5 | Q80: =$Q$3*H80 -> 2239666.7 | R80: =SUM(O80:Q80) -> 7838833.5 | S80: =R80/N80-1 -> 0.036022811 | T80: =VLOOKUP($A80,'[2]All month (2)'!$E:$Y,8,FALSE) -> 0 | U80: =VLOOKUP($A80,'[2]All month (2)'!$E:$Y,14,FALSE) -> 1464520 | V80: =VLOOKUP($A80,'[2]All month (2)'!$E:$Y,20,FALSE) -> 2369390 | W80: =SUM(T80:V80) -> 3833910 | X80: =IFERROR((R80-W80)/W80,100%) -> 1.0446055
A81: Kalai | B81: =VLOOKUP($A81,'Growth Analysis'!A:G,2,FALSE) -> 319.63995 | C81: =VLOOKUP(A81,'Growth Analysis'!A:G,4,FALSE) -> -0.60156127 | D81: =IFERROR((C81-B81)/B81,100%) -> -1.001882 | E81: =VLOOKUP($A81,'Growth Analysis'!$A:$G,5,FALSE) -> 10013238 | F81: =VLOOKUP($A81,'Growth Analysis'!$A:$G,6,FALSE) -> 6697107.4 | G81: =IFERROR((F81-E81)/E81,100%) -> -0.33117465 | H81: =F81/$F$3 -> 0.0037523417 | I81: =E81/$E$3 -> 0.006224132 | J81: 313.3725 | K81: =VLOOKUP($A81,[1]Notes!$A:$G,3,FALSE) -> 4391141.7 | L81: =VLOOKUP($A81,[1]Notes!$A:$G,5,FALSE) -> 2634685 | M81: =VLOOKUP($A81,[1]Notes!$A:$G,7,FALSE) -> 2810330.7 | N81: =SUM(K81:M81) -> 9836157.5 | O81: =$O$3*H81 -> 5065661.3 | P81: =$P$3*H81 -> 3039396.8 | Q81: =$Q$3*H81 -> 3242023.3 | R81: =SUM(O81:Q81) -> 11347081 | S81: =N81/R81-1 -> -0.13315529 | T81: =VLOOKUP($A81,'[2]All month (2)'!$E:$Y,8,FALSE) -> 13620200 | U81: =VLOOKUP($A81,'[2]All month (2)'!$E:$Y,14,FALSE) -> 2107480 | V81: =VLOOKUP($A81,'[2]All month (2)'!$E:$Y,20,FALSE) -> 3409610 | W81: =SUM(T81:V81) -> 19137290 | X81: =IFERROR((R81-W81)/W81,100%) -> -0.40706958
A82: Bogura Area | B82: =SUM(B74:B81) -> 2115.5773 | C82: =SUM(C74:C81) -> 1.5907623 | D82: =IFERROR((C82-B82)/B82,100%) -> -0.99924807 | E82: =SUM(E74:E81) -> 74736550 | F82: =SUM(F74:F81) -> 76009878 | G82: =IFERROR((F82-E82)/E82,100%) -> 0.01703756 | H82: =F82/$F$3 -> 0.042587795 | I82: =E82/$E$3 -> 0.046455517 | J82: =SUM(J74:J81) -> 2074.0954 | K82: =SUM(K74:K81) -> 50987253 | L82: =SUM(L74:L81) -> 30592352 | M82: =SUM(M74:M81) -> 32631842 | N82: =SUM(K82:M82) -> 1.1421145e+08 | O82: =$O$3*H82 -> 57493523 | P82: =$P$3*H82 -> 34496114 | Q82: =$Q$3*H82 -> 36795855 | R82: =SUM(O82:Q82) -> 1.2878549e+08 | T82: =SUM(T74:T81) -> 55085805 | U82: =SUM(U74:U81) -> 21770840 | V82: =SUM(V74:V81) -> 31684892 | W82: =SUM(W74:W81) -> 108541537 | X82: =IFERROR((R82-W82)/W82,100%) -> 0.18650882
A83: Sirajganj Sadar | B83: =VLOOKUP($A83,'Growth Analysis'!A:G,2,FALSE) -> 332.97466 | C83: =VLOOKUP(A83,'Growth Analysis'!A:G,4,FALSE) -> -0.64788617 | D83: =IFERROR((C83-B83)/B83,100%) -> -1.0019458 | E83: =VLOOKUP($A83,'Growth Analysis'!$A:$G,5,FALSE) -> 8812800 | F83: =VLOOKUP($A83,'Growth Analysis'!$A:$G,6,FALSE) -> 7660299 | G83: =IFERROR((F83-E83)/E83,100%) -> -0.1307758 | H83: =F83/$F$3 -> 0.0042920111 | I83: =E83/$E$3 -> 0.0054779513 | J83: 326.44575 | K83: =VLOOKUP($A83,[1]Notes!$A:$G,3,FALSE) -> 5997037 | L83: =VLOOKUP($A83,[1]Notes!$A:$G,5,FALSE) -> 3598222.2 | M83: =VLOOKUP($A83,[1]Notes!$A:$G,7,FALSE) -> 3838103.7 | N83: =SUM(K83:M83) -> 13433363 | O83: =$O$3*H83 -> 5794215 | P83: =$P$3*H83 -> 3476529 | Q83: =$Q$3*H83 -> 3708297.6 | R83: =SUM(O83:Q83) -> 12979042 | S83: =R83/N83-1 -> -0.03382037 | T83: =VLOOKUP($A83,'[2]All month (2)'!$E:$Y,8,FALSE) -> 10224000 | U83: =VLOOKUP($A83,'[2]All month (2)'!$E:$Y,14,FALSE) -> 495000 | V83: =VLOOKUP($A83,'[2]All month (2)'!$E:$Y,20,FALSE) -> 1590000 | W83: =SUM(T83:V83) -> 12309000 | X83: =IFERROR((R83-W83)/W83,100%) -> 0.054435101
A84: Belkuchi | B84: =VLOOKUP($A84,'Growth Analysis'!A:G,2,FALSE) -> 0 | C84: =VLOOKUP(A84,'Growth Analysis'!A:G,4,FALSE) -> 1 | D84: =IFERROR((C84-B84)/B84,100%) -> 1 | E84: =VLOOKUP($A84,'Growth Analysis'!$A:$G,5,FALSE) -> 0 | F84: =VLOOKUP($A84,'Growth Analysis'!$A:$G,6,FALSE) -> 3655561.7 | G84: =IFERROR((F84-E84)/E84,100%) -> 1 | H84: =F84/$F$3 -> 0.0020481852 | I84: =E84/$E$3 -> 0 | J84: 0 | K84: =VLOOKUP($A84,[1]Notes!$A:$G,3,FALSE) -> 2623703.7 | L84: =VLOOKUP($A84,[1]Notes!$A:$G,5,FALSE) -> 1574222.2 | M84: =VLOOKUP($A84,[1]Notes!$A:$G,7,FALSE) -> 1679170.4 | N84: =SUM(K84:M84) -> 5877096.3 | O84: =$O$3*H84 -> 2765050.1 | P84: =$P$3*H84 -> 1659030 | Q84: =$Q$3*H84 -> 1769632.1 | R84: =SUM(O84:Q84) -> 6193712.2 | S84: =R84/N84-1 -> 0.053872843 | T84: =VLOOKUP($A84,'[2]All month (2)'!$E:$Y,8,FALSE) -> 0 | U84: =VLOOKUP($A84,'[2]All month (2)'!$E:$Y,14,FALSE) -> 180000 | V84: =VLOOKUP($A84,'[2]All month (2)'!$E:$Y,20,FALSE) -> 570000 | W84: =SUM(T84:V84) -> 750000 | X84: =IFERROR((R84-W84)/W84,100%) -> 7.2582829
A85: Kazipur | B85: =VLOOKUP($A85,'Growth Analysis'!A:G,2,FALSE) -> 0 | C85: =VLOOKUP(A85,'Growth Analysis'!A:G,4,FALSE) -> 1 | D85: =IFERROR((C85-B85)/B85,100%) -> 1 | E85: =VLOOKUP($A85,'Growth Analysis'!$A:$G,5,FALSE) -> 0 | F85: =VLOOKUP($A85,'Growth Analysis'!$A:$G,6,FALSE) -> 5082055.5 | G85: =IFERROR((F85-E85)/E85,100%) -> 1 | H85: =F85/$F$3 -> 0.0028474396 | I85: =E85/$E$3 -> 0 | J85: 0 | K85: =VLOOKUP($A85,[1]Notes!$A:$G,3,FALSE) -> 3748148.1 | L85: =VLOOKUP($A85,[1]Notes!$A:$G,5,FALSE) -> 2248888.9 | M85: =VLOOKUP($A85,[1]Notes!$A:$G,7,FALSE) -> 2398814.8 | N85: =SUM(K85:M85) -> 8395851.9 | O85: =$O$3*H85 -> 3844043.4 | P85: =$P$3*H85 -> 2306426.1 | Q85: =$Q$3*H85 -> 2460187.8 | R85: =SUM(O85:Q85) -> 8610657.3 | S85: =R85/N85-1 -> 0.02558471 | T85: =VLOOKUP($A85,'[2]All month (2)'!$E:$Y,8,FALSE) -> 0 | U85: =VLOOKUP($A85,'[2]All month (2)'!$E:$Y,14,FALSE) -> 255000 | V85: =VLOOKUP($A85,'[2]All month (2)'!$E:$Y,20,FALSE) -> 840000 | W85: =SUM(T85:V85) -> 1095000 | X85: =IFERROR((R85-W85)/W85,100%) -> 6.863614
A86: Bera | B86: =VLOOKUP($A86,'Growth Analysis'!A:G,2,FALSE) -> 0 | C86: =VLOOKUP(A86,'Growth Analysis'!A:G,4,FALSE) -> 1 | D86: =IFERROR((C86-B86)/B86,100%) -> 1 | E86: =VLOOKUP($A86,'Growth Analysis'!$A:$G,5,FALSE) -> 0 | F86: =VLOOKUP($A86,'Growth Analysis'!$A:$G,6,FALSE) -> 6540330.1 | G86: =IFERROR((F86-E86)/E86,100%) -> 1 | H86: =F86/$F$3 -> 0.0036645005 | I86: =E86/$E$3 -> 0 | J86: 0 | K86: =VLOOKUP($A86,[1]Notes!$A:$G,3,FALSE) -> 4872592.6 | L86: =VLOOKUP($A86,[1]Notes!$A:$G,5,FALSE) -> 2923555.6 | M86: =VLOOKUP($A86,[1]Notes!$A:$G,7,FALSE) -> 3118459.3 | N86: =SUM(K86:M86) -> 10914607 | O86: =$O$3*H86 -> 4947075.7 | P86: =$P$3*H86 -> 2968245.4 | Q86: =$Q$3*H86 -> 3166128.4 | R86: =SUM(O86:Q86) -> 11081450 | S86: =R86/N86-1 -> 0.015286135 | T86: =VLOOKUP($A86,'[2]All month (2)'!$E:$Y,8,FALSE) -> 0 | U86: =VLOOKUP($A86,'[2]All month (2)'!$E:$Y,14,FALSE) -> 2528577.4 | V86: =VLOOKUP($A86,'[2]All month (2)'!$E:$Y,20,FALSE) -> 1503659.5 | W86: =SUM(T86:V86) -> 4032236.9 | X86: =IFERROR((R86-W86)/W86,100%) -> 1.7482139
A87: Ullapara | B87: =VLOOKUP($A87,'Growth Analysis'!A:G,2,FALSE) -> 509.13887 | C87: =VLOOKUP(A87,'Growth Analysis'!A:G,4,FALSE) -> -0.83422357 | D87: =IFERROR((C87-B87)/B87,100%) -> -1.0016385 | E87: =VLOOKUP($A87,'Growth Analysis'!$A:$G,5,FALSE) -> 17260822 | F87: =VLOOKUP($A87,'Growth Analysis'!$A:$G,6,FALSE) -> 7677378.2 | G87: =IFERROR((F87-E87)/E87,100%) -> -0.55521365 | H87: =F87/$F$3 -> 0.0043015805 | I87: =E87/$E$3 -> 0.01072916 | J87: 499.15575 | K87: =VLOOKUP($A87,[1]Notes!$A:$G,3,FALSE) -> 5997037 | L87: =VLOOKUP($A87,[1]Notes!$A:$G,5,FALSE) -> 3598222.2 | M87: =VLOOKUP($A87,[1]Notes!$A:$G,7,FALSE) -> 3838103.7 | N87: =SUM(K87:M87) -> 13433363 | O87: =$O$3*H87 -> 5807133.7 | P87: =$P$3*H87 -> 3484280.2 | Q87: =$Q$3*H87 -> 3716565.5 | R87: =SUM(O87:Q87) -> 13007979 | S87: =R87/N87-1 -> -0.031666202 | T87: =VLOOKUP($A87,'[2]All month (2)'!$E:$Y,8,FALSE) -> 10572760 | U87: =VLOOKUP($A87,'[2]All month (2)'!$E:$Y,14,FALSE) -> 3638684.6 | V87: =VLOOKUP($A87,'[2]All month (2)'!$E:$Y,20,FALSE) -> 2222801 | W87: =SUM(T87:V87) -> 16434246 | X87: =IFERROR((R87-W87)/W87,100%) -> -0.20848333
A88: Tarash | B88: =VLOOKUP($A88,'Growth Analysis'!A:G,2,FALSE) -> 0 | C88: =VLOOKUP(A88,'Growth Analysis'!A:G,4,FALSE) -> 1 | D88: =IFERROR((C88-B88)/B88,100%) -> 1 | E88: =VLOOKUP($A88,'Growth Analysis'!$A:$G,5,FALSE) -> 0 | F88: =VLOOKUP($A88,'Growth Analysis'!$A:$G,6,FALSE) -> 8651300.9 | G88: =IFERROR((F88-E88)/E88,100%) -> 1 | H88: =F88/$F$3 -> 0.0048472624 | I88: =E88/$E$3 -> 0 | J88: 0 | K88: =VLOOKUP($A88,[1]Notes!$A:$G,3,FALSE) -> 7121481.5 | L88: =VLOOKUP($A88,[1]Notes!$A:$G,5,FALSE) -> 4272888.9 | M88: =VLOOKUP($A88,[1]Notes!$A:$G,7,FALSE) -> 4557748.1 | N88: =SUM(K88:M88) -> 15952119 | O88: =$O$3*H88 -> 6543804.3 | P88: =$P$3*H88 -> 3926282.6 | Q88: =$Q$3*H88 -> 4188034.7 | R88: =SUM(O88:Q88) -> 14658122 | S88: =R88/N88-1 -> -0.081117561 | T88: =VLOOKUP($A88,'[2]All month (2)'!$E:$Y,8,FALSE) -> 0 | U88: =VLOOKUP($A88,'[2]All month (2)'!$E:$Y,14,FALSE) -> 570000 | V88: =VLOOKUP($A88,'[2]All month (2)'!$E:$Y,20,FALSE) -> 2811189.5 | W88: =SUM(T88:V88) -> 3381189.5 | X88: =IFERROR((R88-W88)/W88,100%) -> 3.3351967
A89: Sirajgonj Area | B89: =SUM(B83:B88) -> 842.11353 | C89: =SUM(C83:C88) -> 2.5178903 | D89: =IFERROR((C89-B89)/B89,100%) -> -0.99701003 | E89: =SUM(E83:E88) -> 26073622 | F89: =SUM(F83:F88) -> 39266925 | G89: =IFERROR((F89-E89)/E89,100%) -> 0.50600191 | H89: =F89/$F$3 -> 0.022000979 | I89: =E89/$E$3 -> 0.016207112 | J89: =SUM(J83:J88) -> 825.6015 | K89: =SUM(K83:K88) -> 30360000 | L89: =SUM(L83:L88) -> 18216000 | M89: =SUM(M83:M88) -> 19430400 | N89: =SUM(K89:M89) -> 68006400 | O89: =$O$3*H89 -> 29701322 | P89: =$P$3*H89 -> 17820793 | Q89: =$Q$3*H89 -> 19008846 | R89: =SUM(O89:Q89) -> 66530962 | T89: =SUM(T83:T88) -> 20796760 | U89: =SUM(U83:U88) -> 7667262 | V89: =SUM(V83:V88) -> 9537650 | W89: =SUM(W83:W88) -> 38001672 | X89: =IFERROR((R89-W89)/W89,100%) -> 0.75073775
A90: Bogura Zone | B90: =B89+B82+B73 -> 5614.5704 | C90: =C89+C82+C73 -> 6.5957026 | D90: =IFERROR((C90-B90)/B90,100%) -> -0.99882525 | E90: =E89+E82+E73 -> 2.021451e+08 | F90: =F89+F82+F73 -> 2.0467322e+08 | G90: =IFERROR((F90-E90)/E90,100%) -> 0.012506468 | H90: =F90/$F$3 -> 0.11467695 | I90: =E90/$E$3 -> 0.12565144 | J90: =J89+J82+J73 -> 5504.4808 | K90: =K89+K82+K73 -> 1.3654725e+08 | L90: =L89+L82+L73 -> 81928352 | M90: =M89+M82+M73 -> 87390242 | N90: =SUM(K90:M90) -> 3.0586585e+08 | O90: =$O$3*H90 -> 1.5481388e+08 | P90: =$P$3*H90 -> 92888331 | Q90: =$Q$3*H90 -> 99080886 | R90: =SUM(O90:Q90) -> 3.467831e+08 | T90: =T89+T82+T73 -> 142339728 | U90: =U89+U82+U73 -> 57608454 | V90: =V89+V82+V73 -> 75944025 | W90: =W89+W82+W73 -> 275892207 | X90: =IFERROR((R90-W90)/W90,100%) -> 0.25695142
A91: Sujanagar | B91: =VLOOKUP($A91,'Growth Analysis'!A:G,2,FALSE) -> 0 | C91: =VLOOKUP(A91,'Growth Analysis'!A:G,4,FALSE) -> 1 | D91: =IFERROR((C91-B91)/B91,100%) -> 1 | E91: =VLOOKUP($A91,'Growth Analysis'!$A:$G,5,FALSE) -> 0 | F91: =VLOOKUP($A91,'Growth Analysis'!$A:$G,6,FALSE) -> 0 | G91: =IFERROR((F91-E91)/E91,100%) -> 1 | H91: =F91/$F$3 -> 0 | I91: =E91/$E$3 -> 0 | J91: 0 | K91: =VLOOKUP($A91,[1]Notes!$A:$G,3,FALSE) -> 5233940.8 | L91: =VLOOKUP($A91,[1]Notes!$A:$G,5,FALSE) -> 3140364.5 | M91: =VLOOKUP($A91,[1]Notes!$A:$G,7,FALSE) -> 3349722.1 | N91: =SUM(K91:M91) -> 11724027 | O91: =$O$3*H91 -> 0 | P91: =$P$3*H91 -> 0 | Q91: =$Q$3*H91 -> 0 | R91: =SUM(O91:Q91) -> 0 | S91: =R91/N91-1 -> -1 | T91: =VLOOKUP($A91,'[2]All month (2)'!$E:$Y,8,FALSE) -> 0 | U91: =VLOOKUP($A91,'[2]All month (2)'!$E:$Y,14,FALSE) -> 3601581.8 | V91: =VLOOKUP($A91,'[2]All month (2)'!$E:$Y,20,FALSE) -> 3135673.8 | W91: =SUM(T91:V91) -> 6737255.5 | X91: =IFERROR((R91-W91)/W91,100%) -> -1
A92: Pabna Sadar | B92: =VLOOKUP($A92,'Growth Analysis'!A:G,2,FALSE) -> 493.99034 | C92: =VLOOKUP(A92,'Growth Analysis'!A:G,4,FALSE) -> -0.69151395 | D92: =IFERROR((C92-B92)/B92,100%) -> -1.0013999 | E92: =VLOOKUP($A92,'Growth Analysis'!$A:$G,5,FALSE) -> 14177056 | F92: =VLOOKUP($A92,'Growth Analysis'!$A:$G,6,FALSE) -> 7702810.5 | G92: =IFERROR((F92-E92)/E92,100%) -> -0.45667068 | H92: =F92/$F$3 -> 0.00431583 | I92: =E92/$E$3 -> 0.0088123213 | J92: 484.30425 | K92: =VLOOKUP($A92,[1]Notes!$A:$G,3,FALSE) -> 5233940.8 | L92: =VLOOKUP($A92,[1]Notes!$A:$G,5,FALSE) -> 3140364.5 | M92: =VLOOKUP($A92,[1]Notes!$A:$G,7,FALSE) -> 3349722.1 | N92: =SUM(K92:M92) -> 11724027 | O92: =$O$3*H92 -> 5826370.5 | P92: =$P$3*H92 -> 3495822.3 | Q92: =$Q$3*H92 -> 3728877.1 | R92: =SUM(O92:Q92) -> 13051070 | S92: =R92/N92-1 -> 0.11319 | T92: =VLOOKUP($A92,'[2]All month (2)'!$E:$Y,8,FALSE) -> 6856640 | U92: =VLOOKUP($A92,'[2]All month (2)'!$E:$Y,14,FALSE) -> 3460343.2 | V92: =VLOOKUP($A92,'[2]All month (2)'!$E:$Y,20,FALSE) -> 3012706.2 | W92: =SUM(T92:V92) -> 13329689 | X92: =IFERROR((R92-W92)/W92,100%) -> -0.020902174
A93: Lalpur | B93: =VLOOKUP($A93,'Growth Analysis'!A:G,2,FALSE) -> 0 | C93: =VLOOKUP(A93,'Growth Analysis'!A:G,4,FALSE) -> 1 | D93: =IFERROR((C93-B93)/B93,100%) -> 1 | E93: =VLOOKUP($A93,'Growth Analysis'!$A:$G,5,FALSE) -> 0 | F93: =VLOOKUP($A93,'Growth Analysis'!$A:$G,6,FALSE) -> 6958018.6 | G93: =IFERROR((F93-E93)/E93,100%) -> 1 | H93: =F93/$F$3 -> 0.0038985284 | I93: =E93/$E$3 -> 0 | J93: 0 | K93: =VLOOKUP($A93,[1]Notes!$A:$G,3,FALSE) -> 11929613 | L93: =VLOOKUP($A93,[1]Notes!$A:$G,5,FALSE) -> 7157767.7 | M93: =VLOOKUP($A93,[1]Notes!$A:$G,7,FALSE) -> 7634952.2 | N93: =SUM(K93:M93) -> 26722333 | O93: =$O$3*H93 -> 5263013.3 | P93: =$P$3*H93 -> 3157808 | Q93: =$Q$3*H93 -> 3368328.5 | R93: =SUM(O93:Q93) -> 11789150 | S93: =R93/N93-1 -> -0.55882781 | T93: =VLOOKUP($A93,'[2]All month (2)'!$E:$Y,8,FALSE) -> 0 | U93: =VLOOKUP($A93,'[2]All month (2)'!$E:$Y,14,FALSE) -> 6451608.6 | V93: =VLOOKUP($A93,'[2]All month (2)'!$E:$Y,20,FALSE) -> 5827230 | W93: =SUM(T93:V93) -> 12278839 | X93: =IFERROR((R93-W93)/W93,100%) -> -0.039880704
A94: Bhangura | B94: =VLOOKUP($A94,'Growth Analysis'!A:G,2,FALSE) -> 0 | C94: =VLOOKUP(A94,'Growth Analysis'!A:G,4,FALSE) -> 1 | D94: =IFERROR((C94-B94)/B94,100%) -> 1 | E94: =VLOOKUP($A94,'Growth Analysis'!$A:$G,5,FALSE) -> 0 | F94: =VLOOKUP($A94,'Growth Analysis'!$A:$G,6,FALSE) -> 2826531.1 | G94: =IFERROR((F94-E94)/E94,100%) -> 1 | H94: =F94/$F$3 -> 0.0015836853 | I94: =E94/$E$3 -> 0 | J94: 0 | K94: =VLOOKUP($A94,[1]Notes!$A:$G,3,FALSE) -> 3772209.6 | L94: =VLOOKUP($A94,[1]Notes!$A:$G,5,FALSE) -> 2263325.7 | M94: =VLOOKUP($A94,[1]Notes!$A:$G,7,FALSE) -> 2414214.1 | N94: =SUM(K94:M94) -> 8449749.4 | O94: =$O$3*H94 -> 2137975.2 | P94: =$P$3*H94 -> 1282785.1 | Q94: =$Q$3*H94 -> 1368304.1 | R94: =SUM(O94:Q94) -> 4789064.4 | S94: =R94/N94-1 -> -0.43323001 | T94: =VLOOKUP($A94,'[2]All month (2)'!$E:$Y,8,FALSE) -> 0 | U94: =VLOOKUP($A94,'[2]All month (2)'!$E:$Y,14,FALSE) -> 1433690.8 | V94: =VLOOKUP($A94,'[2]All month (2)'!$E:$Y,20,FALSE) -> 1294940 | W94: =SUM(T94:V94) -> 2728630.8 | X94: =IFERROR((R94-W94)/W94,100%) -> 0.7551163
A95: Ishwardi | B95: =VLOOKUP($A95,'Growth Analysis'!A:G,2,FALSE) -> 0 | C95: =VLOOKUP(A95,'Growth Analysis'!A:G,4,FALSE) -> 1 | D95: =IFERROR((C95-B95)/B95,100%) -> 1 | E95: =VLOOKUP($A95,'Growth Analysis'!$A:$G,5,FALSE) -> 0 | F95: =VLOOKUP($A95,'Growth Analysis'!$A:$G,6,FALSE) -> 3921811.9 | G95: =IFERROR((F95-E95)/E95,100%) -> 1 | H95: =F95/$F$3 -> 0.0021973634 | I95: =E95/$E$3 -> 0 | J95: 0 | K95: =VLOOKUP($A95,[1]Notes!$A:$G,3,FALSE) -> 5233940.8 | L95: =VLOOKUP($A95,[1]Notes!$A:$G,5,FALSE) -> 3140364.5 | M95: =VLOOKUP($A95,[1]Notes!$A:$G,7,FALSE) -> 3349722.1 | N95: =SUM(K95:M95) -> 11724027 | O95: =$O$3*H95 -> 2966440.6 | P95: =$P$3*H95 -> 1779864.3 | Q95: =$Q$3*H95 -> 1898522 | R95: =SUM(O95:Q95) -> 6644826.8 | S95: =R95/N95-1 -> -0.43323001 | T95: =VLOOKUP($A95,'[2]All month (2)'!$E:$Y,8,FALSE) -> 0 | U95: =VLOOKUP($A95,'[2]All month (2)'!$E:$Y,14,FALSE) -> 2293905.3 | V95: =VLOOKUP($A95,'[2]All month (2)'!$E:$Y,20,FALSE) -> 2071904 | W95: =SUM(T95:V95) -> 4365809.3 | X95: =IFERROR((R95-W95)/W95,100%) -> 0.52201491
A96: Chatmohar | B96: =VLOOKUP($A96,'Growth Analysis'!A:G,2,FALSE) -> 928.09198 | C96: =VLOOKUP(A96,'Growth Analysis'!A:G,4,FALSE) -> -0.77545035 | D96: =IFERROR((C96-B96)/B96,100%) -> -1.0008355 | E96: =VLOOKUP($A96,'Growth Analysis'!$A:$G,5,FALSE) -> 34598145 | F96: =VLOOKUP($A96,'Growth Analysis'!$A:$G,6,FALSE) -> 7490307.5 | G96: =IFERROR((F96-E96)/E96,100%) -> -0.78350552 | H96: =F96/$F$3 -> 0.0041967661 | I96: =E96/$E$3 -> 0.021505873 | J96: 909.8941 | K96: =VLOOKUP($A96,[1]Notes!$A:$G,3,FALSE) -> 9996355.4 | L96: =VLOOKUP($A96,[1]Notes!$A:$G,5,FALSE) -> 5997813.2 | M96: =VLOOKUP($A96,[1]Notes!$A:$G,7,FALSE) -> 6397667.4 | N96: =SUM(K96:M96) -> 22391836 | O96: =$O$3*H96 -> 5665634.2 | P96: =$P$3*H96 -> 3399380.5 | Q96: =$Q$3*H96 -> 3626005.9 | R96: =SUM(O96:Q96) -> 12691021 | S96: =R96/N96-1 -> -0.43323001 | T96: =VLOOKUP($A96,'[2]All month (2)'!$E:$Y,8,FALSE) -> 18898920 | U96: =VLOOKUP($A96,'[2]All month (2)'!$E:$Y,14,FALSE) -> 4157703.3 | V96: =VLOOKUP($A96,'[2]All month (2)'!$E:$Y,20,FALSE) -> 3755326 | W96: =SUM(T96:V96) -> 26811949 | X96: =IFERROR((R96-W96)/W96,100%) -> -0.5266655
A97: Pabna Area | B97: =SUM(B91:B96) -> 1422.0823 | C97: =SUM(C91:C96) -> 2.5330357 | D97: =IFERROR((C97-B97)/B97,100%) -> -0.99821878 | E97: =SUM(E91:E96) -> 48775202 | F97: =SUM(F91:F96) -> 28899480 | G97: =IFERROR((F97-E97)/E97,100%) -> -0.40749646 | H97: =F97/$F$3 -> 0.016192173 | I97: =E97/$E$3 -> 0.030318194 | J97: =SUM(J91:J96) -> 1394.1984 | K97: =SUM(K91:K96) -> 41400000 | L97: =SUM(L91:L96) -> 24840000 | M97: =SUM(M91:M96) -> 26496000 | N97: =SUM(K97:M97) -> 92736000 | O97: =$O$3*H97 -> 21859434 | P97: =$P$3*H97 -> 13115660 | Q97: =$Q$3*H97 -> 13990038 | R97: =SUM(O97:Q97) -> 48965132 | T97: =SUM(T91:T96) -> 25755560 | U97: =SUM(U91:U96) -> 21398833 | V97: =SUM(V91:V96) -> 19097780 | W97: =SUM(W91:W96) -> 66252173 | X97: =IFERROR((R97-W97)/W97,100%) -> -0.26092791
A98: Natore | B98: =VLOOKUP($A98,'Growth Analysis'!A:G,2,FALSE) -> 197.31645 | C98: =VLOOKUP(A98,'Growth Analysis'!A:G,4,FALSE) -> -0.55074655 | D98: =IFERROR((C98-B98)/B98,100%) -> -1.0027912 | E98: =VLOOKUP($A98,'Growth Analysis'!$A:$G,5,FALSE) -> 4499046.6 | F98: =VLOOKUP($A98,'Growth Analysis'!$A:$G,6,FALSE) -> 2334574.2 | G98: =IFERROR((F98-E98)/E98,100%) -> -0.48109579 | H98: =F98/$F$3 -> 0.0013080453 | I98: =E98/$E$3 -> 0.0027965639 | J98: 193.4475 | K98: =VLOOKUP($A98,[1]Notes!$A:$G,3,FALSE) -> 7494827.6 | L98: =VLOOKUP($A98,[1]Notes!$A:$G,5,FALSE) -> 4496896.6 | M98: =VLOOKUP($A98,[1]Notes!$A:$G,7,FALSE) -> 4796689.7 | N98: =SUM(K98:M98) -> 16788414 | O98: =$O$3*H98 -> 1765861.2 | P98: =$P$3*H98 -> 1059516.7 | Q98: =$Q$3*H98 -> 1130151.2 | R98: =SUM(O98:Q98) -> 3955529.1 | S98: =R98/N98-1 -> -0.76438935 | T98: =VLOOKUP($A98,'[2]All month (2)'!$E:$Y,8,FALSE) -> 3321250 | U98: =VLOOKUP($A98,'[2]All month (2)'!$E:$Y,14,FALSE) -> 3800640 | V98: =VLOOKUP($A98,'[2]All month (2)'!$E:$Y,20,FALSE) -> 6516450 | W98: =SUM(T98:V98) -> 13638340 | X98: =IFERROR((R98-W98)/W98,100%) -> -0.7099699
A99: Singra | B99: =VLOOKUP($A99,'Growth Analysis'!A:G,2,FALSE) -> 160.41469 | C99: =VLOOKUP(A99,'Growth Analysis'!A:G,4,FALSE) -> -0.20866768 | D99: =IFERROR((C99-B99)/B99,100%) -> -1.0013008 | E99: =VLOOKUP($A99,'Growth Analysis'!$A:$G,5,FALSE) -> 7312915.5 | F99: =VLOOKUP($A99,'Growth Analysis'!$A:$G,6,FALSE) -> 8622802.7 | G99: =IFERROR((F99-E99)/E99,100%) -> 0.17911969 | H99: =F99/$F$3 -> 0.0048312951 | I99: =E99/$E$3 -> 0.0045456376 | J99: 157.2693 | K99: =VLOOKUP($A99,[1]Notes!$A:$G,3,FALSE) -> 6424137.9 | L99: =VLOOKUP($A99,[1]Notes!$A:$G,5,FALSE) -> 3854482.8 | M99: =VLOOKUP($A99,[1]Notes!$A:$G,7,FALSE) -> 4111448.3 | N99: =SUM(K99:M99) -> 14390069 | O99: =$O$3*H99 -> 6522248.4 | P99: =$P$3*H99 -> 3913349 | Q99: =$Q$3*H99 -> 4174239 | R99: =SUM(O99:Q99) -> 14609836 | S99: =R99/N99-1 -> 0.015272155 | T99: =VLOOKUP($A99,'[2]All month (2)'!$E:$Y,8,FALSE) -> 5804170 | U99: =VLOOKUP($A99,'[2]All month (2)'!$E:$Y,14,FALSE) -> 1192410 | V99: =VLOOKUP($A99,'[2]All month (2)'!$E:$Y,20,FALSE) -> 3186280 | W99: =SUM(T99:V99) -> 10182860 | X99: =IFERROR((R99-W99)/W99,100%) -> 0.43474783
A100: Bagmara | B100: =VLOOKUP($A100,'Growth Analysis'!A:G,2,FALSE) -> 260.02401 | C100: =VLOOKUP(A100,'Growth Analysis'!A:G,4,FALSE) -> -0.46279187 | D100: =IFERROR((C100-B100)/B100,100%) -> -1.0017798 | E100: =VLOOKUP($A100,'Growth Analysis'!$A:$G,5,FALSE) -> 11546568 | F100: =VLOOKUP($A100,'Growth Analysis'!$A:$G,6,FALSE) -> 11038748 | G100: =IFERROR((F100-E100)/E100,100%) -> -0.043980223 | H100: =F100/$F$3 -> 0.0061849319 | I100: =E100/$E$3 -> 0.0071772353 | J100: 254.9255 | K100: =VLOOKUP($A100,[1]Notes!$A:$G,3,FALSE) -> 7494827.6 | L100: =VLOOKUP($A100,[1]Notes!$A:$G,5,FALSE) -> 4496896.6 | M100: =VLOOKUP($A100,[1]Notes!$A:$G,7,FALSE) -> 4796689.7 | N100: =SUM(K100:M100) -> 16788414 | O100: =$O$3*H100 -> 8349658.1 | P100: =$P$3*H100 -> 5009794.8 | Q100: =$Q$3*H100 -> 5343781.2 | R100: =SUM(O100:Q100) -> 18703234 | S100: =R100/N100-1 -> 0.11405606 | T100: =VLOOKUP($A100,'[2]All month (2)'!$E:$Y,8,FALSE) -> 7261960 | U100: =VLOOKUP($A100,'[2]All month (2)'!$E:$Y,14,FALSE) -> 6394000 | V100: =VLOOKUP($A100,'[2]All month (2)'!$E:$Y,20,FALSE) -> 7207000 | W100: =SUM(T100:V100) -> 20862960 | X100: =IFERROR((R100-W100)/W100,100%) -> -0.10351963
...

Sheet April - Jun (Q2) Delivery Note
A1: Territory | B1: Jan - Mar (Q1) | J1: April - Jun (Q2 - 2026) | N1: April - Jun (Q2 - 2026)
B2: DN | E2: Collection | J2: Target Projected - TP | N2: Target on 2026 Contribution - TOC | S2: April - Jun (Q2 - 2025)
B3: 55197.687 | C3: 36479.581 | D3: =IFERROR((C3-B3)/B3,100%) -> -0.33911033 | E3: 1.6087766e+09 | F3: 1.7847808e+09 | G3: =IFERROR((F3-E3)/E3,100%) -> 0.10940249 | H3: Total | J3: 37500 | K3: 22500 | L3: 24000 | M3: 84000 | N3: 38000 | O3: 24600 | P3: 27000 | Q3: =SUM(N3:P3) -> 89600 | R3: Variance TOC - TP | S3: 25111.232 | T3: 25149.97 | U3: 16790.525 | V3: 67051.727 | W3: =IFERROR((Q3/V3-1),100%) -> 0.33628176
B4: 2025 | C4: 2025 | D4: Growth | E4: 2025 | F4: 2026 | G4: Growth | H4: Contribution 2026 | I4: Contribution 2025 | J4: Apr | K4: May | L4: Jun | M4: Total | N4: Apr | O4: May | P4: Jun | Q4: Total | S4: Apr | T4: May | U4: Jun | V4: Total | W4: Growth
A5: Debiganj | B5: 0 | C5: 218.61453 | D5: =IFERROR((C5-B5)/B5,100%) -> 1 | E5: 0 | F5: 10882606 | G5: =IFERROR((F5-E5)/E5,100%) -> 1 | H5: =C5/$C$3 -> 0.0059927915 | I5: =B5/$B$3 -> 0 | J5: 222.22222 | K5: 133.33333 | L5: 142.22222 | M5: 497.77778 | N5: =$N$3*H5 -> 227.72608 | O5: =$O$3*H5 -> 147.42267 | P5: =$P$3*H5 -> 161.80537 | Q5: =SUM(N5:P5) -> 536.95412 | R5: =M5/Q5-1 -> -0.072960319 | S5: 0 | T5: 323.3 | U5: 231.1675 | V5: =SUM(S5:U5) -> 554.4675 | W5: =IFERROR((Q5-V5)/V5,100%) -> -0.031585941
A6: Boda | B6: 863.54776 | C6: 161.43507 | D6: =IFERROR((C6-B6)/B6,100%) -> -0.813056 | E6: 29967600 | F6: 6965953.7 | G6: =IFERROR((F6-E6)/E6,100%) -> -0.7675505 | H6: =C6/$C$3 -> 0.0044253544 | I6: =B6/$B$3 -> 0.015644637 | J6: 218.25397 | K6: 130.95238 | L6: 139.68254 | M6: 488.88889 | N6: =$N$3*H6 -> 168.16347 | O6: =$O$3*H6 -> 108.86372 | P6: =$P$3*H6 -> 119.48457 | Q6: =SUM(N6:P6) -> 396.51175 | R6: =Q6/M6-1 -> -0.18895323 | S6: 686.27325 | T6: 350.24 | U6: 250.4325 | V6: =SUM(S6:U6) -> 1286.9457 | W6: =IFERROR((Q6-V6)/V6,100%) -> -0.69189707
A7: Tetulia | B7: 0 | C7: 86.578039 | D7: =IFERROR((C7-B7)/B7,100%) -> 1 | E7: 0 | F7: 4737540.8 | G7: =IFERROR((F7-E7)/E7,100%) -> 1 | H7: =C7/$C$3 -> 0.0023733287 | I7: =B7/$B$3 -> 0 | J7: 79.365079 | K7: 47.619048 | L7: 50.793651 | M7: 177.77778 | N7: =$N$3*H7 -> 90.186492 | O7: =$O$3*H7 -> 58.383887 | P7: =$P$3*H7 -> 64.079876 | Q7: =SUM(N7:P7) -> 212.65026 | R7: =Q7/M7-1 -> 0.19615769 | S7: 0 | T7: 90.89 | U7: 59.435 | V7: =SUM(S7:U7) -> 150.325 | W7: =IFERROR((Q7-V7)/V7,100%) -> 0.4146034
A8: Panchagarh Sadar | B8: 382.58925 | C8: 166.62421 | D8: =IFERROR((C8-B8)/B8,100%) -> -0.56448277 | E8: 6759276.8 | F8: 8571373 | G8: =IFERROR((F8-E8)/E8,100%) -> 0.26809025 | H8: =C8/$C$3 -> 0.0045676021 | I8: =B8/$B$3 -> 0.0069312551 | J8: 192.46032 | K8: 115.47619 | L8: 123.1746 | M8: 431.11111 | N8: =$N$3*H8 -> 173.56888 | O8: =$O$3*H8 -> 112.36301 | P8: =$P$3*H8 -> 123.32526 | Q8: =SUM(N8:P8) -> 409.25715 | R8: =Q8/M8-1 -> -0.050692184 | S8: 84.049 | T8: 222.52 | U8: 145.5125 | V8: =SUM(S8:U8) -> 452.0815 | W8: =IFERROR((Q8-V8)/V8,100%) -> -0.094727063
A9: Atwari | B9: 375.10041 | C9: 111.141 | D9: =IFERROR((C9-B9)/B9,100%) -> -0.70370333 | E9: 15849772 | F9: 8071774.4 | G9: =IFERROR((F9-E9)/E9,100%) -> -0.49073246 | H9: =C9/$C$3 -> 0.0030466634 | I9: =B9/$B$3 -> 0.006795582 | J9: 144.84127 | K9: 86.904762 | L9: 92.698413 | M9: 324.44444 | N9: =$N$3*H9 -> 115.77321 | O9: =$O$3*H9 -> 74.947919 | P9: =$P$3*H9 -> 82.259911 | Q9: =SUM(N9:P9) -> 272.98104 | R9: =Q9/M9-1 -> -0.15862009 | S9: 241.478 | T9: 119.07 | U9: 100.7625 | V9: =SUM(S9:U9) -> 461.3105 | W9: =IFERROR((Q9-V9)/V9,100%) -> -0.40824881
A10: Baliadangi | B10: 0 | C10: 86.868626 | D10: =IFERROR((C10-B10)/B10,100%) -> 1 | E10: 405501 | F10: 5615183.4 | G10: =IFERROR((F10-E10)/E10,100%) -> 12.84752 | H10: =C10/$C$3 -> 0.0023812945 | I10: =B10/$B$3 -> 0 | J10: 105.15873 | K10: 63.095238 | L10: 67.301587 | M10: 235.55556 | N10: =$N$3*H10 -> 90.489191 | O10: =$O$3*H10 -> 58.579845 | P10: =$P$3*H10 -> 64.294952 | Q10: =SUM(N10:P10) -> 213.36399 | R10: =Q10/M10-1 -> -0.094209486 | S10: 0 | T10: 81.47 | U10: 68.9425 | V10: =SUM(S10:U10) -> 150.4125 | W10: =IFERROR((Q10-V10)/V10,100%) -> 0.41852564
A11: Ruhia | B11: 0 | C11: 93.15537 | D11: =IFERROR((C11-B11)/B11,100%) -> 1 | E11: 0 | F11: 7678287.9 | G11: =IFERROR((F11-E11)/E11,100%) -> 1 | H11: =C11/$C$3 -> 0.0025536305 | I11: =B11/$B$3 -> 0 | J11: 162.69841 | K11: 97.619048 | L11: 104.12698 | M11: 364.44444 | N11: =$N$3*H11 -> 97.037958 | O11: =$O$3*H11 -> 62.81931 | P11: =$P$3*H11 -> 68.948023 | Q11: =SUM(N11:P11) -> 228.80529 | R11: =Q11/M11-1 -> -0.37218061 | S11: 0 | T11: 112.81 | U11: 95.46 | V11: =SUM(S11:U11) -> 208.27 | W11: =IFERROR((Q11-V11)/V11,100%) -> 0.098599366
A12: Panchagarh Area | B12: 1621.2374 | C12: 924.41685 | D12: =IFERROR((C12-B12)/B12,100%) -> -0.42980785 | E12: 52982150 | F12: 52522719 | G12: =IFERROR((F12-E12)/E12,100%) -> -0.0086714267 | H12: =C12/$C$3 -> 0.025340665 | I12: =B12/$B$3 -> 0.029371474 | J12: 1125 | K12: 675 | L12: 720 | M12: 2520 | N12: =$N$3*H12 -> 962.94527 | O12: =$O$3*H12 -> 623.38036 | P12: =$P$3*H12 -> 684.19796 | Q12: =SUM(N12:P12) -> 2270.5236 | S12: =SUM(S5:S11) -> 1011.8002 | T12: =SUM(T5:T11) -> 1300.3 | U12: =SUM(U5:U11) -> 951.7125 | V12: =SUM(V5:V11) -> 3263.8127 | W12: =IFERROR((Q12-V12)/V12,100%) -> -0.30433399
A13: Pirganj_Thakurgaon | B13: 0 | C13: 77.639814 | D13: =IFERROR((C13-B13)/B13,100%) -> 1 | E13: 812738.04 | F13: 6165818.3 | G13: =IFERROR((F13-E13)/E13,100%) -> 6.5864769 | H13: =C13/$C$3 -> 0.0021283088 | I13: =B13/$B$3 -> 0 | J13: 135 | K13: 81 | L13: 86.4 | M13: 302.4 | N13: =$N$3*H13 -> 80.875735 | O13: =$O$3*H13 -> 52.356397 | P13: =$P$3*H13 -> 57.464338 | Q13: =SUM(N13:P13) -> 190.69647 | R13: =Q13/M13-1 -> -0.36938998 | S13: 0 | T13: 150.88 | U13: 66.2975 | V13: =SUM(S13:U13) -> 217.1775 | W13: =IFERROR((Q13-V13)/V13,100%) -> -0.12193266
A14: Ranisankail | B14: 0 | C14: 118.16876 | D14: =IFERROR((C14-B14)/B14,100%) -> 1 | E14: 0 | F14: 8376159.9 | G14: =IFERROR((F14-E14)/E14,100%) -> 1 | H14: =C14/$C$3 -> 0.0032393125 | I14: =B14/$B$3 -> 0 | J14: 207 | K14: 124.2 | L14: 132.48 | M14: 463.68 | N14: =$N$3*H14 -> 123.09387 | O14: =$O$3*H14 -> 79.687087 | P14: =$P$3*H14 -> 87.461436 | Q14: =SUM(N14:P14) -> 290.2424 | R14: =Q14/M14-1 -> -0.3740459 | S14: 0 | T14: 171.69 | U14: 75.4425 | V14: =SUM(S14:U14) -> 247.1325 | W14: =IFERROR((Q14-V14)/V14,100%) -> 0.17444042
A15: Thakurgaon Sadar | B15: 515.9315 | C15: 119.80646 | D15: =IFERROR((C15-B15)/B15,100%) -> -0.76778611 | E15: 25461030 | F15: 9484805.3 | G15: =IFERROR((F15-E15)/E15,100%) -> -0.62747755 | H15: =C15/$C$3 -> 0.0032842061 | I15: =B15/$B$3 -> 0.0093469768 | J15: 216 | K15: 129.6 | L15: 138.24 | M15: 483.84 | N15: =$N$3*H15 -> 124.79983 | O15: =$O$3*H15 -> 80.79147 | P15: =$P$3*H15 -> 88.673564 | Q15: =SUM(N15:P15) -> 294.26487 | R15: =Q15/M15-1 -> -0.39181369 | S15: 578.64565 | T15: 197.7 | U15: 86.875 | V15: =SUM(S15:U15) -> 863.22065 | W15: =IFERROR((Q15-V15)/V15,100%) -> -0.65910817
A16: Birganj | B16: 0 | C16: 113.72498 | D16: =IFERROR((C16-B16)/B16,100%) -> 1 | E16: 203245.2 | F16: 4186426.7 | G16: =IFERROR((F16-E16)/E16,100%) -> 19.597912 | H16: =C16/$C$3 -> 0.0031174967 | I16: =B16/$B$3 -> 0 | J16: 135 | K16: 81 | L16: 86.4 | M16: 302.4 | N16: =$N$3*H16 -> 118.46488 | O16: =$O$3*H16 -> 76.69042 | P16: =$P$3*H16 -> 84.172412 | Q16: =SUM(N16:P16) -> 279.32771 | R16: =Q16/M16-1 -> -0.076297265 | S16: 385.40395 | T16: 109.29 | U16: 72.4575 | V16: =SUM(S16:U16) -> 567.15145 | W16: =IFERROR((Q16-V16)/V16,100%) -> -0.50749009
A17: Khansama | B17: 0 | C17: 37.851975 | D17: =IFERROR((C17-B17)/B17,100%) -> 1 | E17: 0 | F17: 3429066.9 | G17: =IFERROR((F17-E17)/E17,100%) -> 1 | H17: =C17/$C$3 -> 0.0010376209 | I17: =B17/$B$3 -> 0 | J17: 135 | K17: 81 | L17: 86.4 | M17: 302.4 | N17: =$N$3*H17 -> 39.429593 | O17: =$O$3*H17 -> 25.525474 | P17: =$P$3*H17 -> 28.015764 | Q17: =SUM(N17:P17) -> 92.970831 | R17: =Q17/M17-1 -> -0.69255678 | S17: 0 | T17: 100.18 | U17: 66.42 | V17: =SUM(S17:U17) -> 166.6 | W17: =IFERROR((Q17-V17)/V17,100%) -> -0.4419518
A18: Kaharole | B18: 0 | C18: 28.381894 | D18: =IFERROR((C18-B18)/B18,100%) -> 1 | E18: 0 | F18: 5136695.5 | G18: =IFERROR((F18-E18)/E18,100%) -> 1 | H18: =C18/$C$3 -> 0.00077802137 | I18: =B18/$B$3 -> 0 | J18: 135 | K18: 81 | L18: 86.4 | M18: 302.4 | N18: =$N$3*H18 -> 29.564812 | O18: =$O$3*H18 -> 19.139326 | P18: =$P$3*H18 -> 21.006577 | Q18: =SUM(N18:P18) -> 69.710715 | R18: =Q18/M18-1 -> -0.76947515 | S18: 0 | T18: 122.95 | U18: 81.515 | V18: =SUM(S18:U18) -> 204.465 | W18: =IFERROR((Q18-V18)/V18,100%) -> -0.65905796
A19: Bochaganj | B19: 0 | C19: 135.68717 | D19: =IFERROR((C19-B19)/B19,100%) -> 1 | E19: 391680 | F19: 5416272.8 | G19: =IFERROR((F19-E19)/E19,100%) -> 12.828311 | H19: =C19/$C$3 -> 0.0037195375 | I19: =B19/$B$3 -> 0 | J19: 162 | K19: 97.2 | L19: 103.68 | M19: 362.88 | N19: =$N$3*H19 -> 141.34242 | O19: =$O$3*H19 -> 91.500622 | P19: =$P$3*H19 -> 100.42751 | Q19: =SUM(N19:P19) -> 333.27056 | R19: =Q19/M19-1 -> -0.081595689 | S19: 0 | T19: 122.95 | U19: 81.515 | V19: =SUM(S19:U19) -> 204.465 | W19: =IFERROR((Q19-V19)/V19,100%) -> 0.62996384
A20: Thakurgaon Area | B20: 515.9315 | C20: 631.26105 | D20: =IFERROR((C20-B20)/B20,100%) -> 0.22353655 | E20: 26868693 | F20: 42195245 | G20: =IFERROR((F20-E20)/E20,100%) -> 0.57042418 | H20: =C20/$C$3 -> 0.017304504 | I20: =B20/$B$3 -> 0.0093469768 | J20: 1125 | K20: 675 | L20: 720 | M20: 2520 | N20: =$N$3*H20 -> 657.57114 | O20: =$O$3*H20 -> 425.69079 | P20: =$P$3*H20 -> 467.2216 | Q20: =SUM(N20:P20) -> 1550.4835 | S20: =SUM(S13:S19) -> 964.0496 | T20: =SUM(T13:T19) -> 975.64 | U20: =SUM(U13:U19) -> 530.5225 | V20: =SUM(V13:V19) -> 2470.2121 | W20: =IFERROR((Q20-V20)/V20,100%) -> -0.37232777
A21: Domar | B21: 185.65683 | C21: 12.6651 | D21: =IFERROR((C21-B21)/B21,100%) -> -0.9317822 | E21: 6910500 | F21: 1155000 | G21: =IFERROR((F21-E21)/E21,100%) -> -0.83286303 | H21: =C21/$C$3 -> 0.00034718326 | I21: =B21/$B$3 -> 0.0033634893 | J21: 121.62162 | K21: 72.972973 | L21: 77.837838 | M21: 272.43243 | N21: =$N$3*H21 -> 13.192964 | O21: =$O$3*H21 -> 8.5407083 | P21: =$P$3*H21 -> 9.3739481 | Q21: =SUM(N21:P21) -> 31.10762 | R21: =Q21/M21-1 -> -0.88581528 | S21: 85.111 | T21: 60.24 | U21: 60.8075 | V21: =SUM(S21:U21) -> 206.1585 | W21: =IFERROR((Q21-V21)/V21,100%) -> -0.84910823
A22: Jaldhaka | B22: 0 | C22: 155.64337 | D22: =IFERROR((C22-B22)/B22,100%) -> 1 | E22: 0 | F22: 4006543.8 | G22: =IFERROR((F22-E22)/E22,100%) -> 1 | H22: =C22/$C$3 -> 0.0042665886 | I22: =B22/$B$3 -> 0 | J22: 162.16216 | K22: 97.297297 | L22: 103.78378 | M22: 363.24324 | N22: =$N$3*H22 -> 162.13037 | O22: =$O$3*H22 -> 104.95808 | P22: =$P$3*H22 -> 115.19789 | Q22: =SUM(N22:P22) -> 382.28634 | R22: =Q22/M22-1 -> 0.052425192 | S22: 0 | T22: 124.23 | U22: 64.0625 | V22: =SUM(S22:U22) -> 188.2925 | W22: =IFERROR((Q22-V22)/V22,100%) -> 1.0302792
A23: Nilphamari Sadar | B23: 1370.4014 | C23: 128.16423 | D23: =IFERROR((C23-B23)/B23,100%) -> -0.90647687 | E23: 21299339 | F23: 3415849 | G23: =IFERROR((F23-E23)/E23,100%) -> -0.83962653 | H23: =C23/$C$3 -> 0.0035133141 | I23: =B23/$B$3 -> 0.024827152 | J23: 141.89189 | K23: 85.135135 | L23: 90.810811 | M23: 317.83784 | N23: =$N$3*H23 -> 133.50594 | O23: =$O$3*H23 -> 86.427528 | P23: =$P$3*H23 -> 94.859482 | Q23: =SUM(N23:P23) -> 314.79295 | R23: =Q23/M23-1 -> -0.0095800129 | S23: 521.69 | T23: 240.7 | U23: 124.12 | V23: =SUM(S23:U23) -> 886.51 | W23: =IFERROR((Q23-V23)/V23,100%) -> -0.64490762
A24: Sayedpur | B24: 0 | C24: 89.033799 | D24: =IFERROR((C24-B24)/B24,100%) -> 1 | E24: 0 | F24: 2354295.2 | G24: =IFERROR((F24-E24)/E24,100%) -> 1 | H24: =C24/$C$3 -> 0.0024406475 | I24: =B24/$B$3 -> 0 | J24: 101.35135 | K24: 60.810811 | L24: 64.864865 | M24: 227.02703 | N24: =$N$3*H24 -> 92.744605 | O24: =$O$3*H24 -> 60.039929 | P24: =$P$3*H24 -> 65.897483 | Q24: =SUM(N24:P24) -> 218.68202 | R24: =Q24/M24-1 -> -0.036757786 | S24: 0 | T24: 155.29 | U24: 80.0775 | V24: =SUM(S24:U24) -> 235.3675 | W24: =IFERROR((Q24-V24)/V24,100%) -> -0.070891197
A25: Dimla | B25: 0 | C25: 155.64337 | D25: =IFERROR((C25-B25)/B25,100%) -> 1 | E25: 0 | F25: 4006543.8 | G25: =IFERROR((F25-E25)/E25,100%) -> 1 | H25: =C25/$C$3 -> 0.0042665886 | I25: =B25/$B$3 -> 0 | J25: 162.16216 | K25: 97.297297 | L25: 103.78378 | M25: 363.24324 | N25: =$N$3*H25 -> 162.13037 | O25: =$O$3*H25 -> 104.95808 | P25: =$P$3*H25 -> 115.19789 | Q25: =SUM(N25:P25) -> 382.28634 | R25: =Q25/M25-1 -> 0.052425192 | S25: 0 | T25: 163.05 | U25: 84.0825 | V25: =SUM(S25:U25) -> 247.1325 | W25: =IFERROR((Q25-V25)/V25,100%) -> 0.54688817
A26: Kishoreganj_Nilphamari | B26: 0 | C26: 54.079918 | D26: =IFERROR((C26-B26)/B26,100%) -> 1 | E26: 0 | F26: 1412577.1 | G26: =IFERROR((F26-E26)/E26,100%) -> 1 | H26: =C26/$C$3 -> 0.0014824709 | I26: =B26/$B$3 -> 0 | J26: 60.810811 | K26: 36.486486 | L26: 38.918919 | M26: 136.21622 | N26: =$N$3*H26 -> 56.333895 | O26: =$O$3*H26 -> 36.468785 | P26: =$P$3*H26 -> 40.026715 | Q26: =SUM(N26:P26) -> 132.82939 | R26: =Q26/M26-1 -> -0.024863574 | S26: 0 | T26: 93.17 | U26: 48.0475 | V26: =SUM(S26:U26) -> 141.2175 | W26: =IFERROR((Q26-V26)/V26,100%) -> -0.059398486
A27: Nilphamari Area | B27: 1556.0582 | C27: 595.22978 | D27: =IFERROR((C27-B27)/B27,100%) -> -0.61747589 | E27: 28209839 | F27: 16350809 | G27: =IFERROR((F27-E27)/E27,100%) -> -0.42038631 | H27: =C27/$C$3 -> 0.016316793 | I27: =B27/$B$3 -> 0.028190641 | J27: 750 | K27: 450 | L27: 480 | M27: 1680 | N27: =$N$3*H27 -> 620.03814 | O27: =$O$3*H27 -> 401.39311 | P27: =$P$3*H27 -> 440.55341 | Q27: =SUM(N27:P27) -> 1461.9847 | S27: =SUM(S21:S26) -> 606.801 | T27: =SUM(T21:T26) -> 836.68 | U27: =SUM(U21:U26) -> 461.1975 | V27: =SUM(V21:V26) -> 1904.6785 | W27: =IFERROR((Q27-V27)/V27,100%) -> -0.23242444
A28: Birol | B28: 0 | C28: 373.06109 | D28: =IFERROR((C28-B28)/B28,100%) -> 1 | E28: 0 | F28: 15630806 | G28: =IFERROR((F28-E28)/E28,100%) -> 1 | H28: =C28/$C$3 -> 0.010226573 | I28: =B28/$B$3 -> 0 | J28: 284.41597 | K28: 170.64958 | L28: 182.02622 | M28: 637.09177 | N28: =$N$3*H28 -> 388.60976 | O28: =$O$3*H28 -> 251.57369 | P28: =$P$3*H28 -> 276.11746 | Q28: =SUM(N28:P28) -> 916.30092 | R28: =Q28/M28-1 -> 0.43825577 | S28: 0 | T28: 196.57 | U28: 157.82 | V28: =SUM(S28:U28) -> 354.39 | W28: =IFERROR((Q28-V28)/V28,100%) -> 1.5855722
A29: Chirirbandar | B29: 0 | C29: 360.40071 | D29: =IFERROR((C29-B29)/B29,100%) -> 1 | E29: 357000 | F29: 16050806 | G29: =IFERROR((F29-E29)/E29,100%) -> 43.96024 | H29: =C29/$C$3 -> 0.009879519 | I29: =B29/$B$3 -> 0 | J29: 284.41597 | K29: 170.64958 | L29: 182.02622 | M29: 637.09177 | N29: =$N$3*H29 -> 375.42172 | O29: =$O$3*H29 -> 243.03617 | P29: =$P$3*H29 -> 266.74701 | Q29: =SUM(N29:P29) -> 885.2049 | R29: =Q29/M29-1 -> 0.38944645 | S29: 0 | T29: 170.93 | U29: 137.235 | V29: =SUM(S29:U29) -> 308.165 | W29: =IFERROR((Q29-V29)/V29,100%) -> 1.872503
A30: Dinajpur Sadar | B30: 2222.1154 | C30: 261.83536 | D30: =IFERROR((C30-B30)/B30,100%) -> -0.88216842 | E30: 59488914 | F30: 11595445 | G30: =IFERROR((F30-E30)/E30,100%) -> -0.80508226 | H30: =C30/$C$3 -> 0.0071775867 | I30: =B30/$B$3 -> 0.0402574 | J30: 255.97437 | K30: 153.58462 | L30: 163.8236 | M30: 573.38259 | N30: =$N$3*H30 -> 272.74829 | O30: =$O$3*H30 -> 176.56863 | P30: =$P$3*H30 -> 193.79484 | Q30: =SUM(N30:P30) -> 643.11177 | R30: =M30/Q30-1 -> -0.10842466 | S30: 1227.2622 | T30: 196.57 | U30: 157.82 | V30: =SUM(S30:U30) -> 1581.6522 | W30: =IFERROR((Q30-V30)/V30,100%) -> -0.59339244
A31: Parbatipur | B31: 61.5111 | C31: 222.65908 | D31: =IFERROR((C31-B31)/B31,100%) -> 2.6198196 | E31: 2027760 | F31: 9794030.2 | G31: =IFERROR((F31-E31)/E31,100%) -> 3.8299751 | H31: =C31/$C$3 -> 0.0061036634 | I31: =B31/$B$3 -> 0.0011143782 | J31: 170.64958 | K31: 102.38975 | L31: 109.21573 | M31: 382.25506 | N31: =$N$3*H31 -> 231.93921 | O31: =$O$3*H31 -> 150.15012 | P31: =$P$3*H31 -> 164.79891 | Q31: =SUM(N31:P31) -> 546.88824 | R31: =Q31/M31-1 -> 0.43068933 | S31: 0 | T31: 136.74 | U31: 109.7875 | V31: =SUM(S31:U31) -> 246.5275 | W31: =IFERROR((Q31-V31)/V31,100%) -> 1.2183661
A32: Fulbari_Dinajpur | B32: 0 | C32: 222.65908 | D32: =IFERROR((C32-B32)/B32,100%) -> 1 | E32: 0 | F32: 9447741.3 | G32: =IFERROR((F32-E32)/E32,100%) -> 1 | H32: =C32/$C$3 -> 0.0061036634 | I32: =B32/$B$3 -> 0 | J32: 170.64958 | K32: 102.38975 | L32: 109.21573 | M32: 382.25506 | N32: =$N$3*H32 -> 231.93921 | O32: =$O$3*H32 -> 150.15012 | P32: =$P$3*H32 -> 164.79891 | Q32: =SUM(N32:P32) -> 546.88824 | R32: =Q32/M32-1 -> 0.43068933 | S32: 0 | T32: 153.83 | U32: 123.51 | V32: =SUM(S32:U32) -> 277.34 | W32: =IFERROR((Q32-V32)/V32,100%) -> 0.97190539
A33: Hakimpur | B33: 0 | C33: 59.592068 | D33: =IFERROR((C33-B33)/B33,100%) -> 1 | E33: 1261740 | F33: 2373149.5 | G33: =IFERROR((F33-E33)/E33,100%) -> 0.8808546 | H33: =C33/$C$3 -> 0.0016335732 | I33: =B33/$B$3 -> 0 | J33: 85.324791 | K33: 51.194875 | L33: 54.607866 | M33: 191.12753 | N33: =$N$3*H33 -> 62.075783 | O33: =$O$3*H33 -> 40.185902 | P33: =$P$3*H33 -> 44.106477 | Q33: =SUM(N33:P33) -> 146.36816 | R33: =Q33/M33-1 -> -0.23418588 | S33: 0 | T33: 78.34 | U33: 7.455 | V33: =SUM(S33:U33) -> 85.795 | W33: =IFERROR((Q33-V33)/V33,100%) -> 0.70602205
A34: Birampur | B34: 319.362 | C34: 66.662558 | D34: =IFERROR((C34-B34)/B34,100%) -> -0.79126334 | E34: 13171001 | F34: 2638335.7 | G34: =IFERROR((F34-E34)/E34,100%) -> -0.79968602 | H34: =C34/$C$3 -> 0.0018273937 | I34: =B34/$B$3 -> 0.0057857859 | J34: 94.805323 | K34: 56.883194 | L34: 60.675407 | M34: 212.36392 | N34: =$N$3*H34 -> 69.440961 | O34: =$O$3*H34 -> 44.953885 | P34: =$P$3*H34 -> 49.33963 | Q34: =SUM(N34:P34) -> 163.73448 | R34: =Q34/M34-1 -> -0.22899109 | S34: 469.5505 | T34: 90.97 | U34: 8.6575 | V34: =SUM(S34:U34) -> 569.178 | W34: =IFERROR((Q34-V34)/V34,100%) -> -0.71233168
A35: Nawabganj_Dinajpur | B35: 0 | C35: 25.216695 | D35: =IFERROR((C35-B35)/B35,100%) -> 1 | E35: 4932628.2 | F35: 649509 | G35: =IFERROR((F35-E35)/E35,100%) -> -0.86832395 | H35: =C35/$C$3 -> 0.00069125506 | I35: =B35/$B$3 -> 0 | J35: 228.76441 | K35: 137.25865 | L35: 146.40922 | M35: 512.43228 | N35: =$N$3*H35 -> 26.267692 | O35: =$O$3*H35 -> 17.004874 | P35: =$P$3*H35 -> 18.663887 | Q35: =SUM(N35:P35) -> 61.936453 | R35: =Q35/M35-1 -> -0.87913241 | S35: 0 | T35: 83.39 | U35: 7.9375 | V35: =SUM(S35:U35) -> 91.3275 | W35: =IFERROR((Q35-V35)/V35,100%) -> -0.32182034
A36: Dinajpur Area | B36: 2602.9885 | C36: 1592.0867 | D36: =IFERROR((C36-B36)/B36,100%) -> -0.38836201 | E36: 81239043 | F36: 68179822 | G36: =IFERROR((F36-E36)/E36,100%) -> -0.16075055 | H36: =C36/$C$3 -> 0.043643227 | I36: =B36/$B$3 -> 0.047157564 | J36: 1575 | K36: 945 | L36: 1008 | M36: 3528 | N36: =$N$3*H36 -> 1658.4426 | O36: =$O$3*H36 -> 1073.6234 | P36: =$P$3*H36 -> 1178.3671 | Q36: =SUM(N36:P36) -> 3910.4332 | S36: =SUM(S28:S35) -> 1696.8128 | T36: =SUM(T28:T35) -> 1107.34 | U36: =SUM(U28:U35) -> 710.2225 | V36: =SUM(V28:V35) -> 3514.3753 | W36: =IFERROR((Q36-V36)/V36,100%) -> 0.11269653
A37: Dinajpur Zone | B37: 6296.2156 | C37: 3742.9943 | D37: =IFERROR((C37-B37)/B37,100%) -> -0.40551681 | E37: 1.8929973e+08 | F37: 1.792486e+08 | G37: =IFERROR((F37-E37)/E37,100%) -> -0.053096379 | H37: =C37/$C$3 -> 0.10260519 | I37: =B37/$B$3 -> 0.11406666 | J37: 4575 | K37: 2745 | L37: 2928 | M37: 10248 | N37: =$N$3*H37 -> 3898.9972 | O37: =$O$3*H37 -> 2524.0877 | P37: =$P$3*H37 -> 2770.3401 | Q37: =SUM(N37:P37) -> 9193.425 | S37: =S36+S27+S20+S12 -> 4279.4636 | T37: =T36+T27+T20+T12 -> 4219.96 | U37: =U36+U27+U20+U12 -> 2653.655 | V37: =V36+V27+V20+V12 -> 11153.079 | W37: =IFERROR((Q37-V37)/V37,100%) -> -0.17570518
A38: Rangpur Sadar | B38: 665.36563 | C38: 65.532028 | D38: =IFERROR((C38-B38)/B38,100%) -> -0.90150975 | E38: 16427208 | F38: 2725436.7 | G38: =IFERROR((F38-E38)/E38,100%) -> -0.83409009 | H38: =C38/$C$3 -> 0.001796403 | I38: =B38/$B$3 -> 0.01205423 | J38: 136.32181 | K38: 81.793084 | L38: 87.245956 | M38: 305.36085 | N38: =$N$3*H38 -> 68.263313 | O38: =$O$3*H38 -> 44.191513 | P38: =$P$3*H38 -> 48.50288 | Q38: =SUM(N38:P38) -> 160.95771 | R38: =Q38/M38-1 -> -0.47289344 | S38: 398.5321 | T38: 195.3 | U38: 59.7525 | V38: =SUM(S38:U38) -> 653.5846 | W38: =IFERROR((Q38-V38)/V38,100%) -> -0.75373088
A39: Badarganj | B39: 0 | C39: 71.604708 | D39: =IFERROR((C39-B39)/B39,100%) -> 1 | E39: 0 | F39: 2881363.3 | G39: =IFERROR((F39-E39)/E39,100%) -> 1 | H39: =C39/$C$3 -> 0.0019628709 | I39: =B39/$B$3 -> 0 | J39: 136.32181 | K39: 81.793084 | L39: 87.245956 | M39: 305.36085 | N39: =$N$3*H39 -> 74.589094 | O39: =$O$3*H39 -> 48.286624 | P39: =$P$3*H39 -> 52.997514 | Q39: =SUM(N39:P39) -> 175.87323 | R39: =Q39/M39-1 -> -0.42404787 | S39: 0 | T39: 213.05 | U39: 65.185 | V39: =SUM(S39:U39) -> 278.235 | W39: =IFERROR((Q39-V39)/V39,100%) -> -0.36789681
A40: Gangachara | B40: 0 | C40: 71.604708 | D40: =IFERROR((C40-B40)/B40,100%) -> 1 | E40: 0 | F40: 2881363.3 | G40: =IFERROR((F40-E40)/E40,100%) -> 1 | H40: =C40/$C$3 -> 0.0019628709 | I40: =B40/$B$3 -> 0 | J40: 136.32181 | K40: 81.793084 | L40: 87.245956 | M40: 305.36085 | N40: =$N$3*H40 -> 74.589094 | O40: =$O$3*H40 -> 48.286624 | P40: =$P$3*H40 -> 52.997514 | Q40: =SUM(N40:P40) -> 175.87323 | R40: =Q40/M40-1 -> -0.42404787 | S40: 0 | T40: 183.46 | U40: 56.13 | V40: =SUM(S40:U40) -> 239.59 | W40: =IFERROR((Q40-V40)/V40,100%) -> -0.26594085
A41: Pirgacha | B41: 0 | C41: 69.580481 | D41: =IFERROR((C41-B41)/B41,100%) -> 1 | E41: 51000 | F41: 3121588.1 | G41: =IFERROR((F41-E41)/E41,100%) -> 60.207609 | H41: =C41/$C$3 -> 0.0019073816 | I41: =B41/$B$3 -> 0 | J41: 136.32181 | K41: 81.793084 | L41: 87.245956 | M41: 305.36085 | N41: =$N$3*H41 -> 72.4805 | O41: =$O$3*H41 -> 46.921587 | P41: =$P$3*H41 -> 51.499303 | Q41: =SUM(N41:P41) -> 170.90139 | R41: =Q41/M41-1 -> -0.44032972 | S41: 0 | T41: 143.2 | U41: 60.76 | V41: =SUM(S41:U41) -> 203.96 | W41: =IFERROR((Q41-V41)/V41,100%) -> -0.16208379
A42: Ulipur | B42: 0 | C42: 129.84662 | D42: =IFERROR((C42-B42)/B42,100%) -> 1 | E42: 0 | F42: 6386632.1 | G42: =IFERROR((F42-E42)/E42,100%) -> 1 | H42: =C42/$C$3 -> 0.0035594329 | I42: =B42/$B$3 -> 0 | J42: 118.44354 | K42: 71.066122 | L42: 75.803864 | M42: 265.31352 | N42: =$N$3*H42 -> 135.25845 | O42: =$O$3*H42 -> 87.56205 | P42: =$P$3*H42 -> 96.104689 | Q42: =SUM(N42:P42) -> 318.92519 | R42: =Q42/M42-1 -> 0.20206911 | S42: 0 | T42: 37.15 | U42: 33.875 | V42: =SUM(S42:U42) -> 71.025 | W42: =IFERROR((Q42-V42)/V42,100%) -> 3.490323
A43: Kurigram Sadar | B43: 430.6361 | C43: 199.85233 | D43: =IFERROR((C43-B43)/B43,100%) -> -0.53591366 | E43: 10784664 | F43: 9902938.5 | G43: =IFERROR((F43-E43)/E43,100%) -> -0.081757342 | H43: =C43/$C$3 -> 0.005478471 | I43: =B43/$B$3 -> 0.0078017054 | J43: 197.26924 | K43: 118.36154 | L43: 126.25231 | M43: 441.88309 | N43: =$N$3*H43 -> 208.1819 | O43: =$O$3*H43 -> 134.77039 | P43: =$P$3*H43 -> 147.91872 | Q43: =SUM(N43:P43) -> 490.871 | R43: =Q43/M43-1 -> 0.11086171 | S43: 181.2283 | T43: 95.52 | U43: 87.1075 | V43: =SUM(S43:U43) -> 363.8558 | W43: =IFERROR((Q43-V43)/V43,100%) -> 0.34908115
A44: Rangpur Area | B44: 1096.0017 | C44: 608.02088 | D44: =IFERROR((C44-B44)/B44,100%) -> -0.4452373 | E44: 27262872 | F44: 27899322 | G44: =IFERROR((F44-E44)/E44,100%) -> 0.023344929 | H44: =C44/$C$3 -> 0.01666743 | I44: =B44/$B$3 -> 0.019855936 | J44: 724.67819 | K44: 434.80692 | L44: 463.79404 | M44: 1623.2792 | N44: =$N$3*H44 -> 633.36235 | O44: =$O$3*H44 -> 410.01878 | P44: =$P$3*H44 -> 450.02062 | Q44: =SUM(N44:P44) -> 1493.4018 | S44: =SUM(S38:S43) -> 579.7604 | T44: =SUM(T38:T43) -> 867.68 | U44: =SUM(U38:U43) -> 362.81 | V44: =SUM(V38:V43) -> 1810.2504 | W44: =IFERROR((Q44-V44)/V44,100%) -> -0.17503029
A45: Bhrungamari | B45: 260.225 | C45: 148.26431 | D45: =IFERROR((C45-B45)/B45,100%) -> -0.43024573 | E45: 6076141 | F45: 6384540.6 | G45: =IFERROR((F45-E45)/E45,100%) -> 0.05075583 | H45: =C45/$C$3 -> 0.0040643094 | I45: =B45/$B$3 -> 0.0047144186 | J45: 162 | K45: 97.2 | L45: 103.68 | M45: 362.88 | N45: =$N$3*H45 -> 154.44376 | O45: =$O$3*H45 -> 99.982011 | P45: =$P$3*H45 -> 109.73635 | Q45: =SUM(N45:P45) -> 364.16212 | R45: =Q45/M45-1 -> 0.0035331873 | S45: 230.4279 | T45: 54.93 | U45: 79.4325 | V45: =SUM(S45:U45) -> 364.7904 | W45: =IFERROR((Q45-V45)/V45,100%) -> -0.0017222959
A46: Fulbari_Kurigram | B46: 0 | C46: 28.81872 | D46: =IFERROR((C46-B46)/B46,100%) -> 1 | E46: 0 | F46: 1189988.1 | G46: =IFERROR((F46-E46)/E46,100%) -> 1 | H46: =C46/$C$3 -> 0.00078999591 | I46: =B46/$B$3 -> 0 | J46: 162 | K46: 97.2 | L46: 103.68 | M46: 362.88 | N46: =$N$3*H46 -> 30.019845 | O46: =$O$3*H46 -> 19.433899 | P46: =$P$3*H46 -> 21.32989 | Q46: =SUM(N46:P46) -> 70.783634 | R46: =Q46/M46-1 -> -0.80493928 | S46: 0 | T46: 54.93 | U46: 55.0375 | V46: =SUM(S46:U46) -> 109.9675 | W46: =IFERROR((Q46-V46)/V46,100%) -> -0.35632224
A47: Nageshwari | B47: 444.1641 | C47: 214.87126 | D47: =IFERROR((C47-B47)/B47,100%) -> -0.51623451 | E47: 14740200 | F47: 10645797 | G47: =IFERROR((F47-E47)/E47,100%) -> -0.27777121 | H47: =C47/$C$3 -> 0.0058901791 | I47: =B47/$B$3 -> 0.0080467882 | J47: 177 | K47: 106.2 | L47: 113.28 | M47: 396.48 | N47: =$N$3*H47 -> 223.8268 | O47: =$O$3*H47 -> 144.8984 | P47: =$P$3*H47 -> 159.03483 | Q47: =SUM(N47:P47) -> 527.76004 | R47: =Q47/M47-1 -> 0.33111391 | S47: 120.419 | T47: 47.09 | U47: 47.175 | V47: =SUM(S47:U47) -> 214.684 | W47: =IFERROR((Q47-V47)/V47,100%) -> 1.458311
A48: Hatibandha | B48: 0 | C48: 40.47645 | D48: =IFERROR((C48-B48)/B48,100%) -> 1 | E48: 0 | F48: 2224203.7 | G48: =IFERROR((F48-E48)/E48,100%) -> 1 | H48: =C48/$C$3 -> 0.0011095645 | I48: =B48/$B$3 -> 0 | J48: 90 | K48: 54 | L48: 57.6 | M48: 201.6 | N48: =$N$3*H48 -> 42.163453 | O48: =$O$3*H48 -> 27.295288 | P48: =$P$3*H48 -> 29.958243 | Q48: =SUM(N48:P48) -> 99.416983 | R48: =Q48/M48-1 -> -0.5068602 | S48: 0 | T48: 110.09 | U48: 55.2375 | V48: =SUM(S48:U48) -> 165.3275 | W48: =IFERROR((Q48-V48)/V48,100%) -> -0.39866638
A49: Patgram | B49: 292.94324 | C49: 60.714675 | D49: =IFERROR((C49-B49)/B49,100%) -> -0.79274253 | E49: 7107461 | F49: 4317893.8 | G49: =IFERROR((F49-E49)/E49,100%) -> -0.39248435 | H49: =C49/$C$3 -> 0.0016643468 | I49: =B49/$B$3 -> 0.005307165 | J49: 138 | K49: 82.8 | L49: 88.32 | M49: 309.12 | N49: =$N$3*H49 -> 63.245179 | O49: =$O$3*H49 -> 40.942932 | P49: =$P$3*H49 -> 44.937364 | Q49: =SUM(N49:P49) -> 149.12548 | R49: =Q49/M49-1 -> -0.51758063 | S49: 241.296 | T49: 179.63 | U49: 90.125 | V49: =SUM(S49:U49) -> 511.051 | W49: =IFERROR((Q49-V49)/V49,100%) -> -0.70819845
A50: Aditmari | B50: 0 | C50: 57.354196 | D50: =IFERROR((C50-B50)/B50,100%) -> 1 | E50: 0 | F50: 1787024.1 | G50: =IFERROR((F50-E50)/E50,100%) -> 1 | H50: =C50/$C$3 -> 0.0015722274 | I50: =B50/$B$3 -> 0 | J50: 108 | K50: 64.8 | L50: 69.12 | M50: 241.92 | N50: =$N$3*H50 -> 59.74464 | O50: =$O$3*H50 -> 38.676793 | P50: =$P$3*H50 -> 42.450139 | Q50: =SUM(N50:P50) -> 140.87157 | R50: =Q50/M50-1 -> -0.41769356 | S50: 0 | T50: 142.04 | U50: 50.785 | V50: =SUM(S50:U50) -> 192.825 | W50: =IFERROR((Q50-V50)/V50,100%) -> -0.26943305
A51: Kaliganj_Lalmonirhat | B51: 0 | C51: 69.025011 | D51: =IFERROR((C51-B51)/B51,100%) -> 1 | E51: 1020000 | F51: 5483774.4 | G51: =IFERROR((F51-E51)/E51,100%) -> 4.3762494 | H51: =C51/$C$3 -> 0.0018921547 | I51: =B51/$B$3 -> 0 | J51: 162 | K51: 97.2 | L51: 103.68 | M51: 362.88 | N51: =$N$3*H51 -> 71.901879 | O51: =$O$3*H51 -> 46.547006 | P51: =$P$3*H51 -> 51.088177 | Q51: =SUM(N51:P51) -> 169.53706 | R51: =Q51/M51-1 -> -0.53280131 | S51: 0 | T51: 203.59 | U51: 72.79 | V51: =SUM(S51:U51) -> 276.38 | W51: =IFERROR((Q51-V51)/V51,100%) -> -0.38657985
A52: Lalmonirhat Sadar | B52: 493.81158 | C52: 12.65775 | D52: =IFERROR((C52-B52)/B52,100%) -> -0.97436725 | E52: 9960168.4 | F52: 490140 | G52: =IFERROR((F52-E52)/E52,100%) -> -0.95078999 | H52: =C52/$C$3 -> 0.00034698178 | I52: =B52/$B$3 -> 0.0089462368 | J52: 126 | K52: 75.6 | L52: 80.64 | M52: 282.24 | N52: =$N$3*H52 -> 13.185308 | O52: =$O$3*H52 -> 8.5357518 | P52: =$P$3*H52 -> 9.3685081 | Q52: =SUM(N52:P52) -> 31.089567 | R52: =Q52/M52-1 -> -0.88984705 | S52: 133.1955 | T52: 127.83 | U52: 45.705 | V52: =SUM(S52:U52) -> 306.7305 | W52: =IFERROR((Q52-V52)/V52,100%) -> -0.89864207
A53: Lalmonirhat Area | B53: 1491.1439 | C53: 632.18237 | D53: =IFERROR((C53-B53)/B53,100%) -> -0.57604201 | E53: 38903970 | F53: 32523361 | G53: =IFERROR((F53-E53)/E53,100%) -> -0.1640092 | H53: =C53/$C$3 -> 0.01732976 | I53: =B53/$B$3 -> 0.027014609 | J53: 1125 | K53: 675 | L53: 720 | M53: 2520 | N53: =$N$3*H53 -> 658.53087 | O53: =$O$3*H53 -> 426.31209 | P53: =$P$3*H53 -> 467.90351 | Q53: =SUM(N53:P53) -> 1552.7465 | S53: =SUM(S45:S52) -> 725.3384 | T53: =SUM(T45:T52) -> 920.13 | U53: =SUM(U45:U52) -> 496.2875 | V53: =SUM(V45:V52) -> 2141.7559 | W53: =IFERROR((Q53-V53)/V53,100%) -> -0.2750124
A54: Gobindaganj | B54: 735.45162 | C54: 12.6525 | D54: =IFERROR((C54-B54)/B54,100%) -> -0.98279629 | E54: 21112924 | F54: 8916810 | G54: =IFERROR((F54-E54)/E54,100%) -> -0.57766106 | H54: =C54/$C$3 -> 0.00034683786 | I54: =B54/$B$3 -> 0.013323957 | J54: 351.36259 | K54: 210.81755 | L54: 224.87206 | M54: 787.0522 | N54: =$N$3*H54 -> 13.179839 | O54: =$O$3*H54 -> 8.5322114 | P54: =$P$3*H54 -> 9.3646223 | Q54: =SUM(N54:P54) -> 31.076673 | R54: =Q54/M54-1 -> -0.96051511 | S54: 456.4565 | T54: 168.08 | U54: 252.3825 | V54: =SUM(S54:U54) -> 876.919 | W54: =IFERROR((Q54-V54)/V54,100%) -> -0.96456152
A55: Palashbari | B55: 0 | C55: 118.66499 | D55: =IFERROR((C55-B55)/B55,100%) -> 1 | E55: 0 | F55: 6109596.3 | G55: =IFERROR((F55-E55)/E55,100%) -> 1 | H55: =C55/$C$3 -> 0.0032529153 | I55: =B55/$B$3 -> 0 | J55: 210.81755 | K55: 126.49053 | L55: 134.92323 | M55: 472.23132 | N55: =$N$3*H55 -> 123.61078 | O55: =$O$3*H55 -> 80.021717 | P55: =$P$3*H55 -> 87.828714 | Q55: =SUM(N55:P55) -> 291.46121 | R55: =Q55/M55-1 -> -0.38279991 | S55: 0 | T55: 79.55 | U55: 33.755 | V55: =SUM(S55:U55) -> 113.305 | W55: =IFERROR((Q55-V55)/V55,100%) -> 1.5723597
A56: Sundarganj | B56: 0 | C56: 166.92506 | D56: =IFERROR((C56-B56)/B56,100%) -> 1 | E56: 51000 | F56: 6171070.5 | G56: =IFERROR((F56-E56)/E56,100%) -> 120.00138 | H56: =C56/$C$3 -> 0.004575849 | I56: =B56/$B$3 -> 0 | J56: 105.40878 | K56: 63.245266 | L56: 67.461617 | M56: 236.11566 | N56: =$N$3*H56 -> 173.88226 | O56: =$O$3*H56 -> 112.56589 | P56: =$P$3*H56 -> 123.54792 | Q56: =SUM(N56:P56) -> 409.99607 | R56: =Q56/M56-1 -> 0.73642049 | S56: 0 | T56: 119.33 | U56: 50.6325 | V56: =SUM(S56:U56) -> 169.9625 | W56: =IFERROR((Q56-V56)/V56,100%) -> 1.4122737
A57: Gaibandha sadar | B57: 2040.0942 | C57: 217.68783 | D57: =IFERROR((C57-B57)/B57,100%) -> -0.89329521 | E57: 49388007 | F57: 12815233 | G57: =IFERROR((F57-E57)/E57,100%) -> -0.74051933 | H57: =C57/$C$3 -> 0.0059673885 | I57: =B57/$B$3 -> 0.036959777 | J57: 456.77137 | K57: 274.06282 | L57: 292.33367 | M57: 1023.1679 | N57: =$N$3*H57 -> 226.76076 | O57: =$O$3*H57 -> 146.79776 | P57: =$P$3*H57 -> 161.11949 | Q57: =SUM(N57:P57) -> 534.67801 | R57: =Q57/M57-1 -> -0.47742885 | S57: 1108.2378 | T57: 135.24 | U57: 57.385 | V57: =SUM(S57:U57) -> 1300.8628 | W57: =IFERROR((Q57-V57)/V57,100%) -> -0.58898203
A58: Saghata | B58: 0 | C58: 122.22934 | D58: =IFERROR((C58-B58)/B58,100%) -> 1 | E58: 0 | F58: 5831105.5 | G58: =IFERROR((F58-E58)/E58,100%) -> 1 | H58: =C58/$C$3 -> 0.0033506236 | I58: =B58/$B$3 -> 0 | J58: 176.01207 | K58: 105.60724 | L58: 112.64772 | M58: 394.26704 | N58: =$N$3*H58 -> 127.3237 | O58: =$O$3*H58 -> 82.425339 | P58: =$P$3*H58 -> 90.466836 | Q58: =SUM(N58:P58) -> 300.21587 | R58: =Q58/M58-1 -> -0.23854686 | S58: 0 | T58: 87.51 | U58: 37.1325 | V58: =SUM(S58:U58) -> 124.6425 | W58: =IFERROR((Q58-V58)/V58,100%) -> 1.4086156
A59: Sadullapur | B59: 0 | C59: 157.8123 | D59: =IFERROR((C59-B59)/B59,100%) -> 1 | E59: 0 | F59: 7398771.7 | G59: =IFERROR((F59-E59)/E59,100%) -> 1 | H59: =C59/$C$3 -> 0.0043260447 | I59: =B59/$B$3 -> 0 | J59: 211.55297 | K59: 126.93178 | L59: 135.3939 | M59: 473.87865 | N59: =$N$3*H59 -> 164.3897 | O59: =$O$3*H59 -> 106.4207 | P59: =$P$3*H59 -> 116.80321 | Q59: =SUM(N59:P59) -> 387.6136 | R59: =Q59/M59-1 -> -0.18204038 | S59: 0 | T59: 103.42 | U59: 43.8825 | V59: =SUM(S59:U59) -> 147.3025 | W59: =IFERROR((Q59-V59)/V59,100%) -> 1.6314122
A60: Mithapukur | B60: 0 | C60: 168.68556 | D60: =IFERROR((C60-B60)/B60,100%) -> 1 | E60: 0 | F60: 8376671 | G60: =IFERROR((F60-E60)/E60,100%) -> 1 | H60: =C60/$C$3 -> 0.004624109 | I60: =B60/$B$3 -> 0 | J60: 210.81755 | K60: 126.49053 | L60: 134.92323 | M60: 472.23132 | N60: =$N$3*H60 -> 175.71614 | O60: =$O$3*H60 -> 113.75308 | P60: =$P$3*H60 -> 124.85094 | Q60: =SUM(N60:P60) -> 414.32017 | R60: =Q60/M60-1 -> -0.12263302 | S60: 0 | T60: 127.29 | U60: 54.01 | V60: =SUM(S60:U60) -> 181.3 | W60: =IFERROR((Q60-V60)/V60,100%) -> 1.285274
A61: Piganj_Rangpur | B61: 0 | C61: 133.85426 | D61: =IFERROR((C61-B61)/B61,100%) -> 1 | E61: 0 | F61: 5114954.5 | G61: =IFERROR((F61-E61)/E61,100%) -> 1 | H61: =C61/$C$3 -> 0.0036692927 | I61: =B61/$B$3 -> 0 | J61: 152.25712 | K61: 91.354273 | L61: 97.444558 | M61: 341.05595 | N61: =$N$3*H61 -> 139.43312 | O61: =$O$3*H61 -> 90.264601 | P61: =$P$3*H61 -> 99.070904 | Q61: =SUM(N61:P61) -> 328.76863 | R61: =Q61/M61-1 -> -0.036027296 | W61: =IFERROR((Q61-V61)/V61,100%) -> 1
A62: Gaibandha Area | B62: 2775.5458 | C62: 1098.5118 | D62: =IFERROR((C62-B62)/B62,100%) -> -0.60421772 | E62: 70551931 | F62: 60734212 | G62: =IFERROR((F62-E62)/E62,100%) -> -0.13915591 | H62: =C62/$C$3 -> 0.030113061 | I62: =B62/$B$3 -> 0.050283734 | J62: 2011.3218 | K62: 1206.7931 | L62: 1287.246 | M62: 4505.3608 | N62: =$N$3*H62 -> 1144.2963 | O62: =$O$3*H62 -> 740.78129 | P62: =$P$3*H62 -> 813.05264 | Q62: =SUM(N62:P62) -> 2698.1302 | S62: =SUM(S54:S61) -> 1564.6943 | T62: =SUM(T54:T61) -> 820.42 | U62: =SUM(U54:U61) -> 529.18 | V62: =SUM(V54:V61) -> 2914.2944 | W62: =IFERROR((Q62-V62)/V62,100%) -> -0.074173741
A63: Rangpur Zone | B63: 5362.6915 | C63: 2338.7151 | D63: =IFERROR((C63-B63)/B63,100%) -> -0.56389155 | E63: 1.3671877e+08 | F63: 1.211569e+08 | G63: =IFERROR((F63-E63)/E63,100%) -> -0.113824 | H63: =C63/$C$3 -> 0.064110251 | I63: =B63/$B$3 -> 0.097154278 | J63: 3861 | K63: 2316.6 | L63: 2471.04 | M63: 8648.64 | N63: =$N$3*H63 -> 2436.1895 | O63: =$O$3*H63 -> 1577.1122 | P63: =$P$3*H63 -> 1730.9768 | Q63: =SUM(N63:P63) -> 5744.2784 | S63: =S62+S53+S44 -> 2869.7932 | T63: =T62+T53+T44 -> 2608.23 | U63: =U62+U53+U44 -> 1388.2775 | V63: =V62+V53+V44 -> 6866.3007 | W63: =IFERROR((Q63-V63)/V63,100%) -> -0.16341
A64: Panchbibi | B64: 625.97349 | C64: 273.67447 | D64: =IFERROR((C64-B64)/B64,100%) -> -0.56280182 | E64: 19590469 | F64: 13999018 | G64: =IFERROR((F64-E64)/E64,100%) -> -0.28541689 | H64: =C64/$C$3 -> 0.0075021275 | I64: =B64/$B$3 -> 0.011340575 | J64: 226.19048 | K64: 135.71429 | L64: 144.7619 | M64: 506.66667 | N64: =$N$3*H64 -> 285.08084 | O64: =$O$3*H64 -> 184.55234 | P64: =$P$3*H64 -> 202.55744 | Q64: =SUM(N64:P64) -> 672.19062 | R64: =M64/Q64-1 -> -0.24624556 | S64: 337.252 | T64: 199.02 | U64: 143.2425 | V64: =SUM(S64:U64) -> 679.5145 | W64: =IFERROR((Q64-V64)/V64,100%) -> -0.010778107
A65: Jaypurhat | B65: 0 | C65: 144.39248 | D65: =IFERROR((C65-B65)/B65,100%) -> 1 | E65: 0 | F65: 6997169.3 | G65: =IFERROR((F65-E65)/E65,100%) -> 1 | H65: =C65/$C$3 -> 0.0039581727 | I65: =B65/$B$3 -> 0 | J65: 107.14286 | K65: 64.285714 | L65: 68.571429 | M65: 240 | N65: =$N$3*H65 -> 150.41056 | O65: =$O$3*H65 -> 97.371049 | P65: =$P$3*H65 -> 106.87066 | Q65: =SUM(N65:P65) -> 354.65227 | R65: =Q65/M65-1 -> 0.47771781 | S65: 0 | T65: 102.53 | U65: 73.79 | V65: =SUM(S65:U65) -> 176.32 | W65: =IFERROR((Q65-V65)/V65,100%) -> 1.0114126
A66: Dhamoirhat | B66: 209.4315 | C66: 189.63446 | D66: =IFERROR((C66-B66)/B66,100%) -> -0.094527507 | E66: 5480215.2 | F66: 8884301 | G66: =IFERROR((F66-E66)/E66,100%) -> 0.62115914 | H66: =C66/$C$3 -> 0.0051983728 | I66: =B66/$B$3 -> 0.0037942079 | J66: 150.79365 | K66: 90.47619 | L66: 96.507937 | M66: 337.77778 | N66: =$N$3*H66 -> 197.53817 | O66: =$O$3*H66 -> 127.87997 | P66: =$P$3*H66 -> 140.35607 | Q66: =SUM(N66:P66) -> 465.7742 | R66: =Q66/M66-1 -> 0.37893678 | S66: 96.805 | T66: 109.4 | U66: 36.1375 | V66: =SUM(S66:U66) -> 242.3425 | W66: =IFERROR((Q66-V66)/V66,100%) -> 0.92196665
A67: Naogaon Sadar | B67: 135.44045 | C67: 165.7373 | D67: =IFERROR((C67-B67)/B67,100%) -> 0.22369136 | E67: 3119160 | F67: 7416675 | G67: =IFERROR((F67-E67)/E67,100%) -> 1.3777796 | H67: =C67/$C$3 -> 0.0045432896 | I67: =B67/$B$3 -> 0.0024537341 | J67: 119.04762 | K67: 71.428571 | L67: 76.190476 | M67: 266.66667 | N67: =$N$3*H67 -> 172.64501 | O67: =$O$3*H67 -> 111.76492 | P67: =$P$3*H67 -> 122.66882 | Q67: =SUM(N67:P67) -> 407.07875 | R67: =Q67/M67-1 -> 0.52654531 | S67: 48.6675 | T67: 72.6 | U67: 48.235 | V67: =SUM(S67:U67) -> 169.5025 | W67: =IFERROR((Q67-V67)/V67,100%) -> 1.4016091
A68: Raninagar | B68: 372.48375 | C68: 228.40629 | D68: =IFERROR((C68-B68)/B68,100%) -> -0.38680201 | E68: 9816480 | F68: 10339341 | G68: =IFERROR((F68-E68)/E68,100%) -> 0.053263548 | H68: =C68/$C$3 -> 0.0062612092 | I68: =B68/$B$3 -> 0.0067481768 | J68: 190.47619 | K68: 114.28571 | L68: 121.90476 | M68: 426.66667 | N68: =$N$3*H68 -> 237.92595 | O68: =$O$3*H68 -> 154.02575 | P68: =$P$3*H68 -> 169.05265 | Q68: =SUM(N68:P68) -> 561.00435 | R68: =Q68/M68-1 -> 0.31485394 | S68: 169.77025 | T68: 141.93 | U68: 85.3825 | V68: =SUM(S68:U68) -> 397.08275 | W68: =IFERROR((Q68-V68)/V68,100%) -> 0.4128147
A69: Patnitala | B69: 1313.5504 | C69: 403.90361 | D69: =IFERROR((C69-B69)/B69,100%) -> -0.69251 | E69: 63328602 | F69: 13351233 | G69: =IFERROR((F69-E69)/E69,100%) -> -0.78917531 | H69: =C69/$C$3 -> 0.011072046 | I69: =B69/$B$3 -> 0.0237972 | J69: 198.4127 | K69: 119.04762 | L69: 126.98413 | M69: 444.44444 | N69: =$N$3*H69 -> 420.73776 | O69: =$O$3*H69 -> 272.37234 | P69: =$P$3*H69 -> 298.94525 | Q69: =SUM(N69:P69) -> 992.05534 | R69: =M69/Q69-1 -> -0.55199632 | S69: 966.36765 | T69: 147.59 | U69: 139.425 | V69: =SUM(S69:U69) -> 1253.3827 | W69: =IFERROR((Q69-V69)/V69,100%) -> -0.20849762
A70: Mohadevpur | B70: 0 | C70: 557.8587 | D70: =IFERROR((C70-B70)/B70,100%) -> 1 | E70: 0 | F70: 18125748 | G70: =IFERROR((F70-E70)/E70,100%) -> 1 | H70: =C70/$C$3 -> 0.015292355 | I70: =B70/$B$3 -> 0 | J70: 277.77778 | K70: 166.66667 | L70: 177.77778 | M70: 622.22222 | N70: =$N$3*H70 -> 581.10948 | O70: =$O$3*H70 -> 376.19193 | P70: =$P$3*H70 -> 412.89358 | Q70: =SUM(N70:P70) -> 1370.195 | R70: =Q70/M70-1 -> 1.2020991 | S70: 0 | T70: 186.66 | U70: 176.33 | V70: =SUM(S70:U70) -> 362.99 | W70: =IFERROR((Q70-V70)/V70,100%) -> 2.7747458
A71: Porsha | B71: 0 | C71: 100.91078 | D71: =IFERROR((C71-B71)/B71,100%) -> 1 | E71: 0 | F71: 4277708.4 | G71: =IFERROR((F71-E71)/E71,100%) -> 1 | H71: =C71/$C$3 -> 0.0027662262 | I71: =B71/$B$3 -> 0 | J71: 103.1746 | K71: 61.904762 | L71: 66.031746 | M71: 231.11111 | N71: =$N$3*H71 -> 105.1166 | O71: =$O$3*H71 -> 68.049166 | P71: =$P$3*H71 -> 74.688109 | Q71: =SUM(N71:P71) -> 247.85387 | R71: =Q71/M71-1 -> 0.072444638 | W71: =IFERROR((Q71-V71)/V71,100%) -> 1
A72: Sapahar | B72: 0 | C72: 63.105 | D72: =IFERROR((C72-B72)/B72,100%) -> 1 | E72: 0 | F72: 6005223 | G72: =IFERROR((F72-E72)/E72,100%) -> 1 | H72: =C72/$C$3 -> 0.0017298718 | I72: =B72/$B$3 -> 0 | J72: 126.98413 | K72: 76.190476 | L72: 81.269841 | M72: 284.44444 | N72: =$N$3*H72 -> 65.73513 | O72: =$O$3*H72 -> 42.554847 | P72: =$P$3*H72 -> 46.70654 | Q72: =SUM(N72:P72) -> 154.99652 | R72: =Q72/M72-1 -> -0.45509037 | S72: 0 | T72: 99.84 | U72: 94.3175 | V72: =SUM(S72:U72) -> 194.1575 | W72: =IFERROR((Q72-V72)/V72,100%) -> -0.20169699
A73: Naogaon Area | B73: 2656.8796 | C73: 2127.6231 | D73: =IFERROR((C73-B73)/B73,100%) -> -0.19920229 | E73: 1.0133493e+08 | F73: 89396416 | G73: =IFERROR((F73-E73)/E73,100%) -> -0.11781239 | H73: =C73/$C$3 -> 0.058323671 | I73: =B73/$B$3 -> 0.048133893 | J73: 1500 | K73: 900 | L73: 960 | M73: 3360 | N73: =$N$3*H73 -> 2216.2995 | O73: =$O$3*H73 -> 1434.7623 | P73: =$P$3*H73 -> 1574.7391 | Q73: =SUM(N73:P73) -> 5225.8009 | S73: =SUM(S64:S72) -> 1618.8624 | T73: =SUM(T64:T72) -> 1059.57 | U73: =SUM(U64:U72) -> 796.86 | V73: =SUM(V64:V72) -> 3475.2924 | W73: =IFERROR((Q73-V73)/V73,100%) -> 0.50370107
A74: Bogura Sadar | B74: 333.18188 | C74: 207.30595 | D74: =IFERROR((C74-B74)/B74,100%) -> -0.37779944 | E74: 12309860 | F74: 8555382 | G74: =IFERROR((F74-E74)/E74,100%) -> -0.30499761 | H74: =C74/$C$3 -> 0.0056827942 | I74: =B74/$B$3 -> 0.0060361565 | J74: 146.86093 | K74: 88.116556 | L74: 93.990993 | M74: 328.96848 | N74: =$N$3*H74 -> 215.94618 | O74: =$O$3*H74 -> 139.79674 | P74: =$P$3*H74 -> 153.43544 | Q74: =SUM(N74:P74) -> 509.17836 | R74: =Q74/M74-1 -> 0.54780289 | S74: 182.857 | T74: 84.67 | U74: 133.0325 | V74: =SUM(S74:U74) -> 400.5595 | W74: =IFERROR((Q74-V74)/V74,100%) -> 0.27116785
A75: Sonatala | B75: 0 | C75: 97.979291 | D75: =IFERROR((C75-B75)/B75,100%) -> 1 | E75: 0 | F75: 4552286.7 | G75: =IFERROR((F75-E75)/E75,100%) -> 1 | H75: =C75/$C$3 -> 0.0026858667 | I75: =B75/$B$3 -> 0 | J75: 91.788079 | K75: 55.072848 | L75: 58.744371 | M75: 205.6053 | N75: =$N$3*H75 -> 102.06293 | O75: =$O$3*H75 -> 66.07232 | P75: =$P$3*H75 -> 72.5184 | Q75: =SUM(N75:P75) -> 240.65365 | R75: =Q75/M75-1 -> 0.17046425 | S75: 0 | T75: 66.23 | U75: 84.775 | V75: =SUM(S75:U75) -> 151.005 | W75: =IFERROR((Q75-V75)/V75,100%) -> 0.59368002
A76: Shibganj_Bogura | B76: 406.45342 | C76: 253.4469 | D76: =IFERROR((C76-B76)/B76,100%) -> -0.37644295 | E76: 13853538 | F76: 12390644 | G76: =IFERROR((F76-E76)/E76,100%) -> -0.10559717 | H76: =C76/$C$3 -> 0.0069476373 | I76: =B76/$B$3 -> 0.0073635952 | J76: 219 | K76: 131.4 | L76: 140.16 | M76: 490.56 | N76: =$N$3*H76 -> 264.01022 | O76: =$O$3*H76 -> 170.91188 | P76: =$P$3*H76 -> 187.58621 | Q76: =SUM(N76:P76) -> 622.5083 | R76: =Q76/M76-1 -> 0.26897485 | S76: 278.0281 | T76: 66.23 | U76: 84.775 | V76: =SUM(S76:U76) -> 429.0331 | W76: =IFERROR((Q76-V76)/V76,100%) -> 0.45095636
A77: Sherpur_Bogura | B77: 429.21855 | C77: 289.98302 | D77: =IFERROR((C77-B77)/B77,100%) -> -0.3243931 | E77: 21142670 | F77: 17229093 | G77: =IFERROR((F77-E77)/E77,100%) -> -0.18510326 | H77: =C77/$C$3 -> 0.0079491871 | I77: =B77/$B$3 -> 0.0077760242 | J77: 238.64901 | K77: 143.1894 | L77: 152.73536 | M77: 534.57377 | N77: =$N$3*H77 -> 302.06911 | O77: =$O$3*H77 -> 195.55 | P77: =$P$3*H77 -> 214.62805 | Q77: =SUM(N77:P77) -> 712.24716 | R77: =Q77/M77-1 -> 0.33236458 | S77: 300.0725 | T77: 156.08 | U77: 131.9875 | V77: =SUM(S77:U77) -> 588.14 | W77: =IFERROR((Q77-V77)/V77,100%) -> 0.21101636
A78: Dupchanchia | B78: 577.92461 | C78: 254.21078 | D78: =IFERROR((C78-B78)/B78,100%) -> -0.56013159 | E78: 15961776 | F78: 12504519 | G78: =IFERROR((F78-E78)/E78,100%) -> -0.21659599 | H78: =C78/$C$3 -> 0.0069685771 | I78: =B78/$B$3 -> 0.010470087 | J78: 267 | K78: 160.2 | L78: 170.88 | M78: 598.08 | N78: =$N$3*H78 -> 264.80593 | O78: =$O$3*H78 -> 171.427 | P78: =$P$3*H78 -> 188.15158 | Q78: =SUM(N78:P78) -> 624.38451 | R78: =Q78/M78-1 -> 0.043981592 | S78: 337.199 | T78: 79.58 | U78: 64.9125 | V78: =SUM(S78:U78) -> 481.6915 | W78: =IFERROR((Q78-V78)/V78,100%) -> 0.29623319
A79: Kahaloo | B79: 49.1589 | C79: 139.1733 | D79: =IFERROR((C79-B79)/B79,100%) -> 1.8310906 | E79: 1455467.6 | F79: 9454325 | G79: =IFERROR((F79-E79)/E79,100%) -> 5.4957304 | H79: =C79/$C$3 -> 0.0038151014 | I79: =B79/$B$3 -> 0.0008905971 | J79: 211.11258 | K79: 126.66755 | L79: 135.11205 | M79: 472.89219 | N79: =$N$3*H79 -> 144.97385 | O79: =$O$3*H79 -> 93.851494 | P79: =$P$3*H79 -> 103.00774 | Q79: =SUM(N79:P79) -> 341.83308 | R79: =Q79/M79-1 -> -0.27714373 | S79: 0 | T79: 53.06 | U79: 43.275 | V79: =SUM(S79:U79) -> 96.335 | W79: =IFERROR((Q79-V79)/V79,100%) -> 2.5483789
A80: Akkelpur | B80: 0 | C80: 88.293115 | D80: =IFERROR((C80-B80)/B80,100%) -> 1 | E80: 0 | F80: 4626521 | G80: =IFERROR((F80-E80)/E80,100%) -> 1 | H80: =C80/$C$3 -> 0.0024203434 | I80: =B80/$B$3 -> 0 | J80: 91.788079 | K80: 55.072848 | L80: 58.744371 | M80: 205.6053 | N80: =$N$3*H80 -> 91.973051 | O80: =$O$3*H80 -> 59.540449 | P80: =$P$3*H80 -> 65.349273 | Q80: =SUM(N80:P80) -> 216.86277 | R80: =Q80/M80-1 -> 0.054752842 | S80: 0 | T80: 79.05 | U80: 24.605 | V80: =SUM(S80:U80) -> 103.655 | W80: =IFERROR((Q80-V80)/V80,100%) -> 1.0921593
A81: Kalai | B81: 319.63995 | C81: 127.35694 | D81: =IFERROR((C81-B81)/B81,100%) -> -0.60156127 | E81: 10013238 | F81: 6697107.4 | G81: =IFERROR((F81-E81)/E81,100%) -> -0.33117465 | H81: =C81/$C$3 -> 0.0034911842 | I81: =B81/$B$3 -> 0.0057908214 | J81: 119.3245 | K81: 71.594702 | L81: 76.367682 | M81: 267.28689 | N81: =$N$3*H81 -> 132.665 | O81: =$O$3*H81 -> 85.883131 | P81: =$P$3*H81 -> 94.261973 | Q81: =SUM(N81:P81) -> 312.8101 | R81: =M81/Q81-1 -> -0.14552988 | S81: 313.07875 | T81: 113.75 | U81: 35.405 | V81: =SUM(S81:U81) -> 462.23375 | W81: =IFERROR((Q81-V81)/V81,100%) -> -0.32326425
A82: Bogura Area | B82: 2115.5773 | C82: 1457.7493 | D82: =IFERROR((C82-B82)/B82,100%) -> -0.31094492 | E82: 74736550 | F82: 76009878 | G82: =IFERROR((F82-E82)/E82,100%) -> 0.01703756 | H82: =C82/$C$3 -> 0.039960691 | I82: =B82/$B$3 -> 0.038327282 | J82: 1385.5232 | K82: 831.31391 | L82: 886.73483 | M82: 3103.5719 | N82: =$N$3*H82 -> 1518.5063 | O82: =$O$3*H82 -> 983.03301 | P82: =$P$3*H82 -> 1078.9387 | Q82: =SUM(N82:P82) -> 3580.4779 | S82: =SUM(S74:S81) -> 1411.2353 | T82: =SUM(T74:T81) -> 698.65 | U82: =SUM(U74:U81) -> 602.7675 | V82: =SUM(V74:V81) -> 2712.6528 | W82: =IFERROR((Q82-V82)/V82,100%) -> 0.31991749
A83: Sirajganj Sadar | B83: 332.97466 | C83: 117.24498 | D83: =IFERROR((C83-B83)/B83,100%) -> -0.64788617 | E83: 8812800 | F83: 7660299 | G83: =IFERROR((F83-E83)/E83,100%) -> -0.1307758 | H83: =C83/$C$3 -> 0.0032139893 | I83: =B83/$B$3 -> 0.0060324025 | J83: 162.96296 | K83: 97.777778 | L83: 104.2963 | M83: 365.03704 | N83: =$N$3*H83 -> 122.13159 | O83: =$O$3*H83 -> 79.064137 | P83: =$P$3*H83 -> 86.777712 | Q83: =SUM(N83:P83) -> 287.97344 | R83: =Q83/M83-1 -> -0.21111171 | S83: 133.43925 | T83: 35.92 | U83: 44.875 | V83: =SUM(S83:U83) -> 214.23425 | W83: =IFERROR((Q83-V83)/V83,100%) -> 0.3441989
A84: Belkuchi | B84: 0 | C84: 87.175079 | D84: =IFERROR((C84-B84)/B84,100%) -> 1 | E84: 0 | F84: 3655561.7 | G84: =IFERROR((F84-E84)/E84,100%) -> 1 | H84: =C84/$C$3 -> 0.0023896952 | I84: =B84/$B$3 -> 0 | J84: 71.296296 | K84: 42.777778 | L84: 45.62963 | M84: 159.7037 | N84: =$N$3*H84 -> 90.808417 | O84: =$O$3*H84 -> 58.786501 | P84: =$P$3*H84 -> 64.52177 | Q84: =SUM(N84:P84) -> 214.11669 | R84: =Q84/M84-1 -> 0.3407121 | S84: 0 | T84: 13.06 | U84: 16.0875 | V84: =SUM(S84:U84) -> 29.1475 | W84: =IFERROR((Q84-V84)/V84,100%) -> 6.3459709
A85: Kazipur | B85: 0 | C85: 101.8317 | D85: =IFERROR((C85-B85)/B85,100%) -> 1 | E85: 0 | F85: 5082055.5 | G85: =IFERROR((F85-E85)/E85,100%) -> 1 | H85: =C85/$C$3 -> 0.0027914713 | I85: =B85/$B$3 -> 0 | J85: 101.85185 | K85: 61.111111 | L85: 65.185185 | M85: 228.14815 | N85: =$N$3*H85 -> 106.07591 | O85: =$O$3*H85 -> 68.670194 | P85: =$P$3*H85 -> 75.369725 | Q85: =SUM(N85:P85) -> 250.11583 | R85: =Q85/M85-1 -> 0.096286909 | S85: 0 | T85: 18.5 | U85: 23.7075 | V85: =SUM(S85:U85) -> 42.2075 | W85: =IFERROR((Q85-V85)/V85,100%) -> 4.9258622
A86: Bera | B86: 0 | C86: 73.323577 | D86: =IFERROR((C86-B86)/B86,100%) -> 1 | E86: 0 | F86: 6540330.1 | G86: =IFERROR((F86-E86)/E86,100%) -> 1 | H86: =C86/$C$3 -> 0.0020099895 | I86: =B86/$B$3 -> 0 | J86: 132.40741 | K86: 79.444444 | L86: 84.740741 | M86: 296.59259 | N86: =$N$3*H86 -> 76.379603 | O86: =$O$3*H86 -> 49.445743 | P86: =$P$3*H86 -> 54.269718 | Q86: =SUM(N86:P86) -> 180.09506 | R86: =Q86/M86-1 -> -0.39278637 | S86: 0 | T86: 85.1 | U86: 22.33 | V86: =SUM(S86:U86) -> 107.43 | W86: =IFERROR((Q86-V86)/V86,100%) -> 0.67639452
A87: Ullapara | B87: 509.13887 | C87: 84.403224 | D87: =IFERROR((C87-B87)/B87,100%) -> -0.83422357 | E87: 17260822 | F87: 7677378.2 | G87: =IFERROR((F87-E87)/E87,100%) -> -0.55521365 | H87: =C87/$C$3 -> 0.0023137114 | I87: =B87/$B$3 -> 0.0092239166 | J87: 162.96296 | K87: 97.777778 | L87: 104.2963 | M87: 365.03704 | N87: =$N$3*H87 -> 87.921035 | O87: =$O$3*H87 -> 56.917301 | P87: =$P$3*H87 -> 62.470209 | Q87: =SUM(N87:P87) -> 207.30854 | R87: =Q87/M87-1 -> -0.43208901 | S87: 242.613 | T87: 122.46 | U87: 33.01 | V87: =SUM(S87:U87) -> 398.083 | W87: =IFERROR((Q87-V87)/V87,100%) -> -0.47923286
A88: Tarash | B88: 0 | C88: 96.6441 | D88: =IFERROR((C88-B88)/B88,100%) -> 1 | E88: 0 | F88: 8651300.9 | G88: =IFERROR((F88-E88)/E88,100%) -> 1 | H88: =C88/$C$3 -> 0.0026492656 | I88: =B88/$B$3 -> 0 | J88: 193.51852 | K88: 116.11111 | L88: 123.85185 | M88: 433.48148 | N88: =$N$3*H88 -> 100.67209 | O88: =$O$3*H88 -> 65.171934 | P88: =$P$3*H88 -> 71.530172 | Q88: =SUM(N88:P88) -> 237.3742 | R88: =Q88/M88-1 -> -0.4524006 | S88: 0 | T88: 41.36 | U88: 41.75 | V88: =SUM(S88:U88) -> 83.11 | W88: =IFERROR((Q88-V88)/V88,100%) -> 1.8561449
A89: Sirajgonj Area | B89: 842.11353 | C89: 560.62267 | D89: =IFERROR((C89-B89)/B89,100%) -> -0.33426712 | E89: 26073622 | F89: 39266925 | G89: =IFERROR((F89-E89)/E89,100%) -> 0.50600191 | H89: =C89/$C$3 -> 0.015368122 | I89: =B89/$B$3 -> 0.015256319 | J89: 825 | K89: 495 | L89: 528 | M89: 1848 | N89: =$N$3*H89 -> 583.98865 | O89: =$O$3*H89 -> 378.05581 | P89: =$P$3*H89 -> 414.9393 | Q89: =SUM(N89:P89) -> 1376.9838 | S89: =SUM(S83:S88) -> 376.05225 | T89: =SUM(T83:T88) -> 316.4 | U89: =SUM(U83:U88) -> 181.76 | V89: =SUM(V83:V88) -> 874.21225 | W89: =IFERROR((Q89-V89)/V89,100%) -> 0.57511379
A90: Bogura Zone | B90: 5614.5704 | C90: 4145.995 | D90: =IFERROR((C90-B90)/B90,100%) -> -0.26156505 | E90: 2.021451e+08 | F90: 2.0467322e+08 | G90: =IFERROR((F90-E90)/E90,100%) -> 0.012506468 | H90: =C90/$C$3 -> 0.11365248 | I90: =B90/$B$3 -> 0.10171749 | J90: 3710.5232 | K90: 2226.3139 | L90: 2374.7348 | M90: 8311.5719 | N90: =$N$3*H90 -> 4318.7944 | O90: =$O$3*H90 -> 2795.8511 | P90: =$P$3*H90 -> 3068.6171 | Q90: =SUM(N90:P90) -> 10183.263 | S90: =S89+S82+S73 -> 3406.15 | T90: =T89+T82+T73 -> 2074.62 | U90: =U89+U82+U73 -> 1581.3875 | V90: =V89+V82+V73 -> 7062.1575 | W90: =IFERROR((Q90-V90)/V90,100%) -> 0.44194782
A91: Sujanagar | B91: 0 | C91: 63.231 | D91: =IFERROR((C91-B91)/B91,100%) -> 1 | E91: 0 | F91: 0 | G91: =IFERROR((F91-E91)/E91,100%) -> 1 | H91: =C91/$C$3 -> 0.0017333258 | I91: =B91/$B$3 -> 0 | J91: 142.22665 | K91: 85.335991 | L91: 91.025057 | M91: 318.5877 | N91: =$N$3*H91 -> 65.866381 | O91: =$O$3*H91 -> 42.639815 | P91: =$P$3*H91 -> 46.799797 | Q91: =SUM(N91:P91) -> 155.30599 | R91: =Q91/M91-1 -> -0.51251729 | S91: 0 | T91: 92.48 | U91: 49.3125 | V91: =SUM(S91:U91) -> 141.7925 | W91: =IFERROR((Q91-V91)/V91,100%) -> 0.095304713
A92: Pabna Sadar | B92: 493.99034 | C92: 152.38913 | D92: =IFERROR((C92-B92)/B92,100%) -> -0.69151395 | E92: 14177056 | F92: 7702810.5 | G92: =IFERROR((F92-E92)/E92,100%) -> -0.45667068 | H92: =C92/$C$3 -> 0.0041773814 | I92: =B92/$B$3 -> 0.0089494752 | J92: 142.22665 | K92: 85.335991 | L92: 91.025057 | M92: 318.5877 | N92: =$N$3*H92 -> 158.74049 | O92: =$O$3*H92 -> 102.76358 | P92: =$P$3*H92 -> 112.7893 | Q92: =SUM(N92:P92) -> 374.29338 | R92: =Q92/M92-1 -> 0.17485194 | S92: 144.79225 | T92: 88.85 | U92: 47.3775 | V92: =SUM(S92:U92) -> 281.01975 | W92: =IFERROR((Q92-V92)/V92,100%) -> 0.33191128
A93: Lalpur | B93: 0 | C93: 199.70179 | D93: =IFERROR((C93-B93)/B93,100%) -> 1 | E93: 0 | F93: 6958018.6 | G93: =IFERROR((F93-E93)/E93,100%) -> 1 | H93: =C93/$C$3 -> 0.0054743443 | I93: =B93/$B$3 -> 0 | J93: 324.17426 | K93: 194.50456 | L93: 207.47153 | M93: 726.15034 | N93: =$N$3*H93 -> 208.02508 | O93: =$O$3*H93 -> 134.66887 | P93: =$P$3*H93 -> 147.8073 | Q93: =SUM(N93:P93) -> 490.50125 | R93: =Q93/M93-1 -> -0.32451833 | S93: 0 | T93: 240.39 | U93: 131.26 | V93: =SUM(S93:U93) -> 371.65 | W93: =IFERROR((Q93-V93)/V93,100%) -> 0.31979348
A94: Bhangura | B94: 0 | C94: 69.602955 | D94: =IFERROR((C94-B94)/B94,100%) -> 1 | E94: 0 | F94: 2826531.1 | G94: =IFERROR((F94-E94)/E94,100%) -> 1 | H94: =C94/$C$3 -> 0.0019079977 | I94: =B94/$B$3 -> 0 | J94: 102.50569 | K94: 61.503417 | L94: 65.603645 | M94: 229.61276 | N94: =$N$3*H94 -> 72.503911 | O94: =$O$3*H94 -> 46.936742 | P94: =$P$3*H94 -> 51.515937 | Q94: =SUM(N94:P94) -> 170.95659 | R94: =Q94/M94-1 -> -0.25545691 | S94: 0 | T94: 53.42 | U94: 29.17 | V94: =SUM(S94:U94) -> 82.59 | W94: =IFERROR((Q94-V94)/V94,100%) -> 1.069943
A95: Ishwardi | B95: 0 | C95: 105.47464 | D95: =IFERROR((C95-B95)/B95,100%) -> 1 | E95: 0 | F95: 3921811.9 | G95: =IFERROR((F95-E95)/E95,100%) -> 1 | H95: =C95/$C$3 -> 0.0028913336 | I95: =B95/$B$3 -> 0 | J95: 142.22665 | K95: 85.335991 | L95: 91.025057 | M95: 318.5877 | N95: =$N$3*H95 -> 109.87068 | O95: =$O$3*H95 -> 71.126806 | P95: =$P$3*H95 -> 78.066006 | Q95: =SUM(N95:P95) -> 259.06349 | R95: =Q95/M95-1 -> -0.18683776 | S95: 0 | T95: 85.47 | U95: 46.67 | V95: =SUM(S95:U95) -> 132.14 | W95: =IFERROR((Q95-V95)/V95,100%) -> 0.96052284
A96: Chatmohar | B96: 928.09198 | C96: 208.40273 | D96: =IFERROR((C96-B96)/B96,100%) -> -0.77545035 | E96: 34598145 | F96: 7490307.5 | G96: =IFERROR((F96-E96)/E96,100%) -> -0.78350552 | H96: =C96/$C$3 -> 0.0057128597 | I96: =B96/$B$3 -> 0.016813965 | J96: 271.64009 | K96: 162.98405 | L96: 173.84966 | M96: 608.4738 | N96: =$N$3*H96 -> 217.08867 | O96: =$O$3*H96 -> 140.53635 | P96: =$P$3*H96 -> 154.24721 | Q96: =SUM(N96:P96) -> 511.87223 | R96: =Q96/M96-1 -> -0.15876045 | S96: 424.27475 | T96: 154.92 | U96: 84.59 | V96: =SUM(S96:U96) -> 663.78475 | W96: =IFERROR((Q96-V96)/V96,100%) -> -0.22885811
A97: Pabna Area | B97: 1422.0823 | C97: 798.80223 | D97: =IFERROR((C97-B97)/B97,100%) -> -0.43828692 | E97: 48775202 | F97: 28899480 | G97: =IFERROR((F97-E97)/E97,100%) -> -0.40749646 | H97: =C97/$C$3 -> 0.021897242 | I97: =B97/$B$3 -> 0.02576344 | J97: 1125 | K97: 675 | L97: 720 | M97: 2520 | N97: =$N$3*H97 -> 832.09521 | O97: =$O$3*H97 -> 538.67216 | P97: =$P$3*H97 -> 591.22555 | Q97: =SUM(N97:P97) -> 1961.9929 | S97: =SUM(S91:S96) -> 569.067 | T97: =SUM(T91:T96) -> 715.53 | U97: =SUM(U91:U96) -> 388.38 | V97: =SUM(V91:V96) -> 1672.977 | W97: =IFERROR((Q97-V97)/V97,100%) -> 0.17275547
A98: Natore | B98: 197.31645 | C98: 88.645095 | D98: =IFERROR((C98-B98)/B98,100%) -> -0.55074655 | E98: 4499046.6 | F98: 2334574.2 | G98: =IFERROR((F98-E98)/E98,100%) -> -0.48109579 | H98: =C98/$C$3 -> 0.0024299921 | I98: =B98/$B$3 -> 0.0035747231 | J98: 203.66379 | K98: 122.19828 | L98: 130.34483 | M98: 456.2069 | N98: =$N$3*H98 -> 92.339701 | O98: =$O$3*H98 -> 59.777806 | P98: =$P$3*H98 -> 65.609787 | Q98: =SUM(N98:P98) -> 217.72729 | R98: =Q98/M98-1 -> -0.5227444 | S98: 84.6775 | T98: 157.61 | U98: 144.665 | V98: =SUM(S98:U98) -> 386.9525 | W98: =IFERROR((Q98-V98)/V98,100%) -> -0.43732811
A99: Singra | B99: 160.41469 | C99: 126.94133 | D99: =IFERROR((C99-B99)/B99,100%) -> -0.20866768 | E99: 7312915.5 | F99: 8622802.7 | G99: =IFERROR((F99-E99)/E99,100%) -> 0.17911969 | H99: =C99/$C$3 -> 0.0034797912 | I99: =B99/$B$3 -> 0.0029061849 | J99: 174.56897 | K99: 104.74138 | L99: 111.72414 | M99: 391.03448 | N99: =$N$3*H99 -> 132.23207 | O99: =$O$3*H99 -> 85.602863 | P99: =$P$3*H99 -> 93.954362 | Q99: =SUM(N99:P99) -> 311.78929 | R99: =Q99/M99-1 -> -0.20265525 | S99: 96.898 | T99: 84.67 | U99: 72.5225 | V99: =SUM(S99:U99) -> 254.0905 | W99: =IFERROR((Q99-V99)/V99,100%) -> 0.22707968
A100: Bagmara | B100: 260.02401 | C100: 139.68701 | D100: =IFERROR((C100-B100)/B100,100%) -> -0.46279187 | E100: 11546568 | F100: 11038748 | G100: =IFERROR((F100-E100)/E100,100%) -> -0.043980223 | H100: =C100/$C$3 -> 0.0038291836 | I100: =B100/$B$3 -> 0.0047107773 | J100: 203.66379 | K100: 122.19828 | L100: 130.34483 | M100: 456.2069 | N100: =$N$3*H100 -> 145.50898 | O100: =$O$3*H100 -> 94.197916 | P100: =$P$3*H100 -> 103.38796 | Q100: =SUM(N100:P100) -> 343.09485 | R100: =Q100/M100-1 -> -0.24794024 | S100: 133.26875 | T100: 205.16 | U100: 60.485 | V100: =SUM(S100:U100) -> 398.91375 | W100: =IFERROR((Q100-V100)/V100,100%) -> -0.13992725
...
